Date,Price,Geometric Mean Price,Predicted Price
2011/12/18,3.25,,
2011/12/19,3.5,,
2011/12/20,4.75,,
2011/12/21,4.38,,
2011/12/22,4.19,,
2011/12/23,3.86,,
2011/12/24,4.33,,
2011/12/25,4.32,,
2011/12/26,4.27,,
2011/12/27,4.33,,
2011/12/28,4.29,,
2011/12/29,4.3,,
2011/12/30,4.26,,
2011/12/31,4.39,,
2012/1/1,4.58,,
2012/1/2,5.0,,
2012/1/3,5.32,,
2012/1/4,4.93,,
2012/1/5,5.72,,
2012/1/6,6.65,,
2012/1/7,6.8,,
2012/1/8,6.9,,
2012/1/9,6.99,,
2012/1/10,6.24,,
2012/1/11,7.14,,
2012/1/12,6.95,,
2012/1/13,6.8,,
2012/1/14,6.5,,
2012/1/15,7.15,,
2012/1/16,6.2,,
2012/1/17,6.5,,
2012/1/18,5.99,,
2012/1/19,5.52,,
2012/1/20,6.9,,
2012/1/21,6.3,,
2012/1/22,6.79,,
2012/1/23,6.5,,
2012/1/24,6.52,,
2012/1/25,6.26,,
2012/1/26,6.27,,
2012/1/27,3.8,,
2012/1/28,4.91,,
2012/1/29,5.89,,
2012/1/30,5.3,,
2012/1/31,5.7,,
2012/2/1,5.53,,
2012/2/2,5.99,,
2012/2/3,6.29,,
2012/2/4,6.35,,
2012/2/5,5.93,,
2012/2/6,5.6,,
2012/2/7,5.5,,
2012/2/8,5.79,,
2012/2/9,5.52,,
2012/2/10,5.88,,
2012/2/11,5.71,,
2012/2/12,5.78,,
2012/2/13,5.53,,
2012/2/14,5.2,,
2012/2/15,4.9,,
2012/2/16,4.5,,
2012/2/17,4.67,,
2012/2/18,4.67,,
2012/2/19,4.38,,
2012/2/20,4.72,,
2012/2/21,4.52,,
2012/2/22,4.47,,
2012/2/23,4.59,,
2012/2/24,5.12,,
2012/2/25,5.11,,
2012/2/26,4.79,,
2012/2/27,4.97,,
2012/2/28,5.09,,
2012/2/29,4.97,,
2012/3/1,4.99,,
2012/3/2,4.99,,
2012/3/3,4.81,,
2012/3/4,4.78,,
2012/3/5,4.8,,
2012/3/6,5.0,,
2012/3/7,5.05,,
2012/3/8,4.94,,
2012/3/9,5.01,,
2012/3/10,4.91,,
2012/3/11,4.94,,
2012/3/12,4.85,,
2012/3/13,4.99,,
2012/3/14,5.32,,
2012/3/15,5.27,,
2012/3/16,5.3,,
2012/3/17,5.38,,
2012/3/18,5.41,,
2012/3/19,5.24,,
2012/3/20,4.82,,
2012/3/21,4.9,,
2012/3/22,4.86,,
2012/3/23,4.73,,
2012/3/24,4.72,,
2012/3/25,4.61,,
2012/3/26,4.6,,
2012/3/27,4.54,,
2012/3/28,4.75,,
2012/3/29,4.93,,
2012/3/30,4.81,,
2012/3/31,4.9,,
2012/4/1,4.89,,
2012/4/2,4.8,,
2012/4/3,5.04,,
2012/4/4,4.92,,
2012/4/5,4.99,,
2012/4/6,4.9,,
2012/4/7,4.94,,
2012/4/8,4.8,,
2012/4/9,4.7,,
2012/4/10,4.75,,
2012/4/11,4.86,,
2012/4/12,4.87,,
2012/4/13,4.88,,
2012/4/14,4.94,,
2012/4/15,4.96,,
2012/4/16,4.93,,
2012/4/17,4.99,,
2012/4/18,4.98,,
2012/4/19,5.17,,
2012/4/20,5.15,,
2012/4/21,5.4,,
2012/4/22,5.24,,
2012/4/23,5.2,,
2012/4/24,4.99,,
2012/4/25,5.12,,
2012/4/26,5.1,,
2012/4/27,5.03,,
2012/4/28,5.07,,
2012/4/29,4.92,,
2012/4/30,4.92,,
2012/5/1,4.94,,
2012/5/2,5.01,,
2012/5/3,5.06,,
2012/5/4,5.1,,
2012/5/5,5.09,,
2012/5/6,5.06,,
2012/5/7,5.05,,
2012/5/8,5.06,,
2012/5/9,5.02,,
2012/5/10,5.02,,
2012/5/11,4.97,,
2012/5/12,4.95,,
2012/5/13,4.95,,
2012/5/14,4.93,,
2012/5/15,4.95,,
2012/5/16,5.0,,
2012/5/17,5.02,,
2012/5/18,5.03,,
2012/5/19,5.08,,
2012/5/20,5.03,,
2012/5/21,5.04,,
2012/5/22,5.05,,
2012/5/23,5.02,,
2012/5/24,5.08,,
2012/5/25,5.09,,
2012/5/26,5.08,,
2012/5/27,5.08,,
2012/5/28,5.08,,
2012/5/29,5.07,,
2012/5/30,5.07,,
2012/5/31,5.14,,
2012/6/1,5.17,,
2012/6/2,5.2,,
2012/6/3,5.19,,
2012/6/4,5.18,,
2012/6/5,5.22,,
2012/6/6,5.39,,
2012/6/7,5.41,,
2012/6/8,5.48,,
2012/6/9,5.6,,
2012/6/10,5.54,,
2012/6/11,5.48,,
2012/6/12,5.57,,
2012/6/13,5.77,,
2012/6/14,5.86,,
2012/6/15,5.88,,
2012/6/16,6.41,,
2012/6/17,6.41,,
2012/6/18,6.13,,
2012/6/19,6.13,,
2012/6/20,6.4,,
2012/6/21,6.66,,
2012/6/22,6.64,,
2012/6/23,6.6,,
2012/6/24,6.35,,
2012/6/25,6.35,,
2012/6/26,6.26,,
2012/6/27,6.41,,
2012/6/28,6.49,,
2012/6/29,6.5,,
2012/6/30,6.58,,
2012/7/1,6.6,,
2012/7/2,6.55,,
2012/7/3,6.61,,
2012/7/4,6.44,,
2012/7/5,6.52,,
2012/7/6,6.59,,
2012/7/7,6.6,,
2012/7/8,6.8,,
2012/7/9,6.77,,
2012/7/10,6.95,,
2012/7/11,7.08,,
2012/7/12,7.15,,
2012/7/13,7.6,,
2012/7/14,7.58,,
2012/7/15,7.55,,
2012/7/16,7.57,,
2012/7/17,8.3,,
2012/7/18,8.5,,
2012/7/19,9.06,,
2012/7/20,8.76,,
2012/7/21,8.52,,
2012/7/22,8.74,,
2012/7/23,8.42,,
2012/7/24,8.59,,
2012/7/25,8.59,,
2012/7/26,8.64,,
2012/7/27,8.76,,
2012/7/28,8.83,,
2012/7/29,8.79,,
2012/7/30,8.7,,
2012/7/31,9.0,,
2012/8/1,9.28,,
2012/8/2,9.45,,
2012/8/3,10.4,,
2012/8/4,10.96,,
2012/8/5,10.93,,
2012/8/6,10.71,,
2012/8/7,10.86,,
2012/8/8,10.75,,
2012/8/9,11.0,,
2012/8/10,11.0,,
2012/8/11,11.32,,
2012/8/12,11.4,,
2012/8/13,11.42,,
2012/8/14,11.9,,
2012/8/15,12.13,,
2012/8/16,13.14,,
2012/8/17,13.49,,
2012/8/18,12.64,,
2012/8/19,11.86,,
2012/8/20,8.09,,
2012/8/21,9.79,,
2012/8/22,9.99,,
2012/8/23,9.96,,
2012/8/24,10.03,,
2012/8/25,10.45,,
2012/8/26,10.57,,
2012/8/27,10.31,,
2012/8/28,10.9,,
2012/8/29,11.0,,
2012/8/30,10.81,,
2012/8/31,10.65,,
2012/9/1,10.2,,
2012/9/2,10.07,,
2012/9/3,10.17,,
2012/9/4,10.36,,
2012/9/5,10.38,,
2012/9/6,10.9,,
2012/9/7,11.03,,
2012/9/8,10.98,,
2012/9/9,10.97,,
2012/9/10,10.85,,
2012/9/11,10.95,,
2012/9/12,11.04,,
2012/9/13,11.17,,
2012/9/14,11.26,,
2012/9/15,11.6,,
2012/9/16,11.63,,
2012/9/17,11.75,,
2012/9/18,11.85,,
2012/9/19,11.9,,
2012/9/20,12.44,,
2012/9/21,12.29,,
2012/9/22,12.14,,
2012/9/23,12.11,,
2012/9/24,11.99,,
2012/9/25,11.9,,
2012/9/26,11.8,,
2012/9/27,12.2,,
2012/9/28,12.21,,
2012/9/29,12.28,,
2012/9/30,12.2,,
2012/10/1,12.21,,
2012/10/2,12.2,,
2012/10/3,12.63,,
2012/10/4,12.9,,
2012/10/5,12.61,,
2012/10/6,12.51,,
2012/10/7,12.39,,
2012/10/8,11.7,,
2012/10/9,11.62,,
2012/10/10,11.85,,
2012/10/11,12.1,,
2012/10/12,11.95,,
2012/10/13,11.9,,
2012/10/14,11.85,,
2012/10/15,11.78,,
2012/10/16,11.8,,
2012/10/17,11.79,,
2012/10/18,11.9,,
2012/10/19,11.75,,
2012/10/20,11.65,,
2012/10/21,11.6,,
2012/10/22,11.54,,
2012/10/23,11.5,,
2012/10/24,11.38,,
2012/10/25,11.39,,
2012/10/26,10.46,,
2012/10/27,10.0,,
2012/10/28,10.35,,
2012/10/29,10.67,,
2012/10/30,10.8,,
2012/10/31,10.79,,
2012/11/1,11.0,,
2012/11/2,10.85,,
2012/11/3,10.54,,
2012/11/4,10.67,,
2012/11/5,10.63,,
2012/11/6,10.78,,
2012/11/7,10.68,,
2012/11/8,10.65,,
2012/11/9,10.69,,
2012/11/10,10.8,,
2012/11/11,10.82,,
2012/11/12,10.78,,
2012/11/13,10.92,,
2012/11/14,10.87,,
2012/11/15,10.98,,
2012/11/16,11.05,,
2012/11/17,11.48,,
2012/11/18,11.56,,
2012/11/19,11.51,,
2012/11/20,11.6,,
2012/11/21,11.64,,
2012/11/22,11.67,,
2012/11/23,11.86,,
2012/11/24,12.16,,
2012/11/25,12.29,,
2012/11/26,12.32,,
2012/11/27,12.2,,
2012/11/28,12.01,,
2012/11/29,12.22,,
2012/11/30,12.35,,
2012/12/1,12.39,,
2012/12/2,12.44,,
2012/12/3,12.46,,
2012/12/4,12.5,,
2012/12/5,12.86,,
2012/12/6,13.2,,
2012/12/7,13.34,,
2012/12/8,13.3,,
2012/12/9,13.35,,
2012/12/10,13.3,,
2012/12/11,13.13,,
2012/12/12,13.39,,
2012/12/13,13.49,,
2012/12/14,13.51,,
2012/12/15,13.51,,
2012/12/16,13.38,,
2012/12/17,13.28,,
2012/12/18,13.3,,
2012/12/19,13.13,,
2012/12/20,13.27,,
2012/12/21,13.38,,
2012/12/22,13.28,,
2012/12/23,13.2,,
2012/12/24,13.11,,
2012/12/25,13.23,,
2012/12/26,13.09,,
2012/12/27,13.18,,
2012/12/28,13.19,,
2012/12/29,13.18,,
2012/12/30,13.13,,
2012/12/31,13.2,,
2013/1/1,13.24,,
2013/1/2,13.12,,
2013/1/3,13.09,,
2013/1/4,13.12,,
2013/1/5,13.19,,
2013/1/6,13.11,,
2013/1/7,13.1,,
2013/1/8,13.2,,
2013/1/9,13.51,,
2013/1/10,13.67,,
2013/1/11,14.0,,
2013/1/12,14.02,,
2013/1/13,13.94,,
2013/1/14,13.65,,
2013/1/15,14.1,,
2013/1/16,14.15,,
2013/1/17,14.53,,
2013/1/18,15.34,,
2013/1/19,15.52,,
2013/1/20,15.48,,
2013/1/21,15.62,,
2013/1/22,16.53,,
2013/1/23,17.5,,
2013/1/24,17.5,,
2013/1/25,17.15,,
2013/1/26,17.3,,
2013/1/27,17.49,,
2013/1/28,17.6,,
2013/1/29,18.6,,
2013/1/30,19.46,,
2013/1/31,19.45,,
2013/2/1,20.3,,
2013/2/2,20.35,,
2013/2/3,19.76,,
2013/2/4,20.55,,
2013/2/5,20.3,,
2013/2/6,20.56,,
2013/2/7,20.91,,
2013/2/8,21.95,,
2013/2/9,22.4,,
2013/2/10,23.46,,
2013/2/11,23.74,,
2013/2/12,23.94,,
2013/2/13,25.33,,
2013/2/14,25.0,,
2013/2/15,27.4,,
2013/2/16,27.43,,
2013/2/17,27.36,,
2013/2/18,26.81,,
2013/2/19,26.92,,
2013/2/20,29.39,,
2013/2/21,30.0,,
2013/2/22,29.96,,
2013/2/23,30.37,,
2013/2/24,29.55,,
2013/2/25,29.79,,
2013/2/26,30.43,,
2013/2/27,31.01,,
2013/2/28,31.31,,
2013/3/1,33.53,,
2013/3/2,34.55,,
2013/3/3,34.29,,
2013/3/4,34.33,,
2013/3/5,36.56,,
2013/3/6,40.66,,
2013/3/7,42.31,,
2013/3/8,41.68,,
2013/3/9,43.77,,
2013/3/10,45.76,,
2013/3/11,45.97,,
2013/3/12,48.15,,
2013/3/13,44.29,,
2013/3/14,46.99,,
2013/3/15,46.95,,
2013/3/16,46.93,,
2013/3/17,46.7,,
2013/3/18,47.24,,
2013/3/19,49.87,,
2013/3/20,59.46,,
2013/3/21,65.13,,
2013/3/22,70.87,,
2013/3/23,68.81,,
2013/3/24,64.37,,
2013/3/25,70.22,,
2013/3/26,74.3,,
2013/3/27,79.81,,
2013/3/28,89.4,,
2013/3/29,88.96,,
2013/3/30,90.49,,
2013/3/31,92.12,,
2013/4/1,95.5,,
2013/4/2,103.73,,
2013/4/3,116.0,,
2013/4/4,133.87,,
2013/4/5,134.67,,
2013/4/6,141.8,,
2013/4/7,141.0,,
2013/4/8,164.97,,
2013/4/9,185.6,,
2013/4/10,228.94,,
2013/4/11,162.0,,
2013/4/12,81.02,,
2013/4/13,109.9,,
2013/4/14,90.44,,
2013/4/15,91.79,,
2013/4/16,73.99,,
2013/4/17,67.85,,
2013/4/18,89.98,,
2013/4/19,109.3,,
2013/4/20,118.11,,
2013/4/21,126.55,,
2013/4/22,118.91,,
2013/4/23,123.73,,
2013/4/24,137.3,,
2013/4/25,150.0,,
2013/4/26,141.9,,
2013/4/27,137.3,,
2013/4/28,128.8,,
2013/4/29,135.31,,
2013/4/30,143.32,,
2013/5/1,139.87,,
2013/5/2,116.75,,
2013/5/3,107.02,,
2013/5/4,98.08,,
2013/5/5,112.89,,
2013/5/6,116.9,,
2013/5/7,112.67,,
2013/5/8,110.92,,
2013/5/9,113.16,,
2013/5/10,111.96,,
2013/5/11,117.9,,
2013/5/12,115.58,,
2013/5/13,115.05,,
2013/5/14,115.98,,
2013/5/15,107.0,,
2013/5/16,108.96,,
2013/5/17,113.36,,
2013/5/18,117.51,,
2013/5/19,118.49,,
2013/5/20,117.27,,
2013/5/21,117.81,,
2013/5/22,117.25,,
2013/5/23,118.45,,
2013/5/24,123.84,,
2013/5/25,128.65,,
2013/5/26,128.98,,
2013/5/27,130.27,,
2013/5/28,126.2,,
2013/5/29,125.99,,
2013/5/30,130.01,,
2013/5/31,126.78,,
2013/6/1,127.76,,
2013/6/2,128.77,,
2013/6/3,123.35,,
2013/6/4,123.22,,
2013/6/5,120.58,,
2013/6/6,120.98,,
2013/6/7,118.78,,
2013/6/8,110.17,,
2013/6/9,109.11,,
2013/6/10,100.17,,
2013/6/11,104.21,,
2013/6/12,107.35,,
2013/6/13,106.1,,
2013/6/14,101.86,,
2013/6/15,99.01,,
2013/6/16,99.43,,
2013/6/17,98.74,,
2013/6/18,100.39,,
2013/6/19,104.49,,
2013/6/20,105.24,,
2013/6/21,103.0,,
2013/6/22,101.29,,
2013/6/23,100.0,,
2013/6/24,100.4,,
2013/6/25,98.83,,
2013/6/26,97.57,,
2013/6/27,98.75,,
2013/6/28,96.98,,
2013/6/29,89.2,,
2013/6/30,88.83,,
2013/7/1,89.41,,
2013/7/2,83.41,,
2013/7/3,88.04,,
2013/7/4,77.33,,
2013/7/5,79.4,,
2013/7/6,67.13,,
2013/7/7,66.34,,
2013/7/8,73.97,,
2013/7/9,74.0,,
2013/7/10,75.0,,
2013/7/11,86.13,,
2013/7/12,87.81,,
2013/7/13,90.19,,
2013/7/14,91.67,,
2013/7/15,90.02,,
2013/7/16,93.76,,
2013/7/17,91.61,,
2013/7/18,90.96,,
2013/7/19,85.0,,
2013/7/20,86.51,,
2013/7/21,85.02,,
2013/7/22,85.73,,
2013/7/23,85.59,,
2013/7/24,86.88,,
2013/7/25,88.42,,
2013/7/26,90.1,,
2013/7/27,89.97,,
2013/7/28,88.16,,
2013/7/29,92.72,,
2013/7/30,93.45,,
2013/7/31,96.98,,
2013/8/1,97.77,,
2013/8/2,96.63,,
2013/8/3,95.82,,
2013/8/4,95.54,,
2013/8/5,96.38,,
2013/8/6,97.88,,
2013/8/7,97.7,,
2013/8/8,97.09,,
2013/8/9,94.26,,
2013/8/10,92.72,,
2013/8/11,93.51,,
2013/8/12,94.0,,
2013/8/13,95.37,,
2013/8/14,97.75,,
2013/8/15,99.19,,
2013/8/16,98.09,,
2013/8/17,98.26,,
2013/8/18,99.71,,
2013/8/19,99.32,,
2013/8/20,102.85,,
2013/8/21,104.87,,
2013/8/22,111.52,,
2013/8/23,109.12,,
2013/8/24,107.91,,
2013/8/25,109.15,,
2013/8/26,113.12,,
2013/8/27,111.85,,
2013/8/28,117.74,,
2013/8/29,117.91,,
2013/8/30,118.91,,
2013/8/31,124.86,,
2013/9/1,127.9,,
2013/9/2,130.65,,
2013/9/3,129.4,,
2013/9/4,129.2,,
2013/9/5,121.65,,
2013/9/6,122.0,,
2013/9/7,116.56,,
2013/9/8,119.91,,
2013/9/9,118.37,,
2013/9/10,121.68,,
2013/9/11,122.08,,
2013/9/12,127.54,,
2013/9/13,126.38,,
2013/9/14,127.71,,
2013/9/15,124.49,,
2013/9/16,125.36,,
2013/9/17,126.28,,
2013/9/18,126.92,,
2013/9/19,127.0,,
2013/9/20,124.17,,
2013/9/21,122.92,,
2013/9/22,123.38,,
2013/9/23,123.27,,
2013/9/24,122.81,,
2013/9/25,123.75,,
2013/9/26,123.32,,
2013/9/27,124.85,,
2013/9/28,126.95,,
2013/9/29,126.5,,
2013/9/30,127.0,,
2013/10/1,126.25,,
2013/10/2,127.31,,
2013/10/3,103.85,,
2013/10/4,117.62,,
2013/10/5,121.94,,
2013/10/6,121.25,,
2013/10/7,122.49,,
2013/10/8,123.5,,
2013/10/9,124.5,,
2013/10/10,125.79,,
2013/10/11,126.8,,
2013/10/12,127.38,,
2013/10/13,127.58,,
2013/10/14,132.83,,
2013/10/15,135.43,,
2013/10/16,142.75,,
2013/10/17,137.54,,
2013/10/18,143.94,,
2013/10/19,152.89,,
2013/10/20,166.0,,
2013/10/21,166.6,,
2013/10/22,180.15,,
2013/10/23,189.74,,
2013/10/24,203.94,,
2013/10/25,194.0,,
2013/10/26,187.5,,
2013/10/27,180.39,,
2013/10/28,194.99,,
2013/10/29,196.62,,
2013/10/30,204.0,,
2013/10/31,197.58,,
2013/11/1,203.54,,
2013/11/2,202.14,,
2013/11/3,204.86,,
2013/11/4,210.0,,
2013/11/5,227.29,,
2013/11/6,242.9,,
2013/11/7,263.24,,
2013/11/8,291.0,,
2013/11/9,333.9,,
2013/11/10,341.24,,
2013/11/11,323.0,,
2013/11/12,343.63,,
2013/11/13,354.94,,
2013/11/14,393.5,,
2013/11/15,416.88,,
2013/11/16,412.07,,
2013/11/17,434.53,,
2013/11/18,478.1,,
2013/11/19,669.0,,
2013/11/20,536.01,,
2013/11/21,600.0,,
2013/11/22,720.0,,
2013/11/23,794.0,,
2013/11/24,829.15,,
2013/11/25,800.01,,
2013/11/26,811.95,,
2013/11/27,915.01,,
2013/11/28,963.98,,
2013/11/29,1012.0,,
2013/11/30,1131.99,,
2013/12/1,1119.52,,
2013/12/2,955.0,,
2013/12/3,1037.11,,
2013/12/4,1055.0,,
2013/12/5,1135.0,,
2013/12/6,1020.51,,
2013/12/7,809.72,,
2013/12/8,693.3,,
2013/12/9,787.0,,
2013/12/10,899.91,,
2013/12/11,979.07,,
2013/12/12,879.04,,
2013/12/13,871.22,,
2013/12/14,888.47,,
2013/12/15,850.78,,
2013/12/16,861.98,,
2013/12/17,690.5,,
2013/12/18,675.0,,
2013/12/19,520.0,,
2013/12/20,685.1,,
2013/12/21,610.0,,
2013/12/22,595.07,,
2013/12/23,612.66,,
2013/12/24,654.76,,
2013/12/25,653.57,,
2013/12/26,679.01,,
2013/12/27,747.83,,
2013/12/28,723.98,,
2013/12/29,715.0,,
2013/12/30,728.01,,
2013/12/31,736.51,,
2014/1/1,732.0,,
2014/1/2,751.88,,
2014/1/3,784.19,,
2014/1/4,808.24,,
2014/1/5,828.79,,
2014/1/6,905.0,,
2014/1/7,915.8,,
2014/1/8,785.0,,
2014/1/9,823.94,,
2014/1/10,825.5,,
2014/1/11,851.63,,
2014/1/12,895.0,,
2014/1/13,844.04,,
2014/1/14,823.99,,
2014/1/15,815.99,,
2014/1/16,841.14,,
2014/1/17,814.4,,
2014/1/18,796.97,,
2014/1/19,810.0,,
2014/1/20,841.5,,
2014/1/21,826.02,,
2014/1/22,824.88,,
2014/1/23,819.2,,
2014/1/24,810.95,,
2014/1/25,780.0,,
2014/1/26,806.81,,
2014/1/27,814.67,,
2014/1/28,750.95,,
2014/1/29,785.51,,
2014/1/30,794.21,,
2014/1/31,799.99,,
2014/2/1,803.0,,
2014/2/2,813.23,,
2014/2/3,814.94,,
2014/2/4,806.99,,
2014/2/5,802.0,,
2014/2/6,780.01,,
2014/2/7,764.0,,
2014/2/8,705.01,,
2014/2/9,680.49,,
2014/2/10,688.0,,
2014/2/11,688.34,,
2014/2/12,677.0,,
2014/2/13,650.04,,
2014/2/14,609.4,,
2014/2/15,670.34,,
2014/2/16,655.83,,
2014/2/17,621.0,,
2014/2/18,633.66,,
2014/2/19,627.7,,
2014/2/20,623.01,,
2014/2/21,561.86,,
2014/2/22,581.35,,
2014/2/23,610.77,,
2014/2/24,609.9,,
2014/2/25,535.49,,
2014/2/26,534.34,,
2014/2/27,585.24,,
2014/2/28,584.7,,
2014/3/1,551.8,,
2014/3/2,567.46,,
2014/3/3,565.38,,
2014/3/4,677.69,,
2014/3/5,673.27,,
2014/3/6,669.0,,
2014/3/7,669.57,,
2014/3/8,632.79,,
2014/3/9,620.02,,
2014/3/10,638.4,,
2014/3/11,628.02,,
2014/3/12,631.72,,
2014/3/13,634.95,,
2014/3/14,641.02,,
2014/3/15,630.99,,
2014/3/16,637.58,,
2014/3/17,634.99,,
2014/3/18,622.97,,
2014/3/19,613.84,,
2014/3/20,610.01,,
2014/3/21,585.6,,
2014/3/22,569.99,,
2014/3/23,564.31,,
2014/3/24,558.22,,
2014/3/25,585.9,,
2014/3/26,583.77,,
2014/3/27,581.48,,
2014/3/28,475.0,,
2014/3/29,502.01,,
2014/3/30,491.99,,
2014/3/31,460.0,,
2014/4/1,454.81,,
2014/4/2,478.98,,
2014/4/3,438.9,,
2014/4/4,451.03,,
2014/4/5,450.0,,
2014/4/6,464.8,,
2014/4/7,459.97,,
2014/4/8,447.11,,
2014/4/9,453.57,,
2014/4/10,441.69,,
2014/4/11,363.1,,
2014/4/12,423.0,,
2014/4/13,424.91,,
2014/4/14,416.29,,
2014/4/15,459.99,,
2014/4/16,523.1,,
2014/4/17,529.26,,
2014/4/18,500.09,,
2014/4/19,482.1,,
2014/4/20,505.18,,
2014/4/21,501.07,,
2014/4/22,497.98,,
2014/4/23,490.0,,
2014/4/24,491.94,,
2014/4/25,502.15,,
2014/4/26,466.71,,
2014/4/27,459.22,,
2014/4/28,430.0,,
2014/4/29,440.41,,
2014/4/30,448.0,,
2014/5/1,449.0,,
2014/5/2,460.97,,
2014/5/3,452.0,,
2014/5/4,439.0,,
2014/5/5,435.88,,
2014/5/6,431.64,,
2014/5/7,429.0,,
2014/5/8,441.47,,
2014/5/9,439.6,,
2014/5/10,452.78,,
2014/5/11,457.7,,
2014/5/12,437.67,,
2014/5/13,442.48,,
2014/5/14,439.12,,
2014/5/15,444.07,,
2014/5/16,446.27,,
2014/5/17,447.55,,
2014/5/18,449.07,,
2014/5/19,446.91,,
2014/5/20,448.34,,
2014/5/21,489.0,,
2014/5/22,493.98,,
2014/5/23,529.99,,
2014/5/24,523.75,,
2014/5/25,528.44,,
2014/5/26,573.5,,
2014/5/27,581.87,,
2014/5/28,572.7,,
2014/5/29,580.66,,
2014/5/30,572.37,,
2014/5/31,621.0,,
2014/6/1,627.8,,
2014/6/2,630.99,,
2014/6/3,662.0,,
2014/6/4,668.9,,
2014/6/5,640.55,,
2014/6/6,661.46,,
2014/6/7,647.16,,
2014/6/8,657.13,,
2014/6/9,658.0,,
2014/6/10,648.83,,
2014/6/11,648.55,,
2014/6/12,623.81,,
2014/6/13,569.98,,
2014/6/14,592.0,,
2014/6/15,566.58,,
2014/6/16,592.0,,
2014/6/17,587.0,,
2014/6/18,606.48,,
2014/6/19,607.99,,
2014/6/20,593.41,,
2014/6/21,590.0,,
2014/6/22,591.33,,
2014/6/23,600.34,,
2014/6/24,588.22,,
2014/6/25,574.0,,
2014/6/26,560.4,,
2014/6/27,580.09,,
2014/6/28,599.99,,
2014/6/29,591.46,,
2014/6/30,599.86,,
2014/7/1,640.0,,
2014/7/2,638.25,,
2014/7/3,650.49,,
2014/7/4,648.48,,
2014/7/5,628.81,,
2014/7/6,630.9,,
2014/7/7,633.87,,
2014/7/8,622.09,,
2014/7/9,623.98,,
2014/7/10,621.96,,
2014/7/11,616.87,,
2014/7/12,634.99,,
2014/7/13,637.9,,
2014/7/14,630.88,,
2014/7/15,621.15,,
2014/7/16,622.9,,
2014/7/17,617.39,,
2014/7/18,626.3,,
2014/7/19,632.59,,
2014/7/20,630.0,,
2014/7/21,626.98,,
2014/7/22,622.63,,
2014/7/23,619.99,,
2014/7/24,620.95,,
2014/7/25,603.96,,
2014/7/26,602.93,,
2014/7/27,596.23,,
2014/7/28,592.61,,
2014/7/29,589.88,,
2014/7/30,585.93,,
2014/7/31,563.83,,
2014/8/1,583.54,,
2014/8/2,597.84,,
2014/8/3,589.6,,
2014/8/4,588.96,,
2014/8/5,588.5,,
2014/8/6,581.75,,
2014/8/7,581.16,,
2014/8/8,585.84,,
2014/8/9,588.99,,
2014/8/10,589.82,,
2014/8/11,590.98,,
2014/8/12,574.55,,
2014/8/13,569.39,,
2014/8/14,549.85,,
2014/8/15,507.99,,
2014/8/16,502.48,,
2014/8/17,523.47,,
2014/8/18,498.0,,
2014/8/19,474.74,,
2014/8/20,491.98,,
2014/8/21,516.39,,
2014/8/22,519.29,,
2014/8/23,514.65,,
2014/8/24,496.96,,
2014/8/25,507.84,,
2014/8/26,503.74,,
2014/8/27,514.4,,
2014/8/28,511.87,,
2014/8/29,506.94,,
2014/8/30,509.3,,
2014/8/31,501.49,,
2014/9/1,479.01,,
2014/9/2,475.89,,
2014/9/3,474.5,,
2014/9/4,474.86,,
2014/9/5,489.61,,
2014/9/6,477.65,,
2014/9/7,479.99,,
2014/9/8,477.4,,
2014/9/9,468.32,,
2014/9/10,473.34,,
2014/9/11,477.78,,
2014/9/12,477.43,,
2014/9/13,473.08,,
2014/9/14,477.99,,
2014/9/15,475.47,,
2014/9/16,469.47,,
2014/9/17,463.48,,
2014/9/18,452.99,,
2014/9/19,426.62,,
2014/9/20,395.86,,
2014/9/21,410.92,,
2014/9/22,400.77,,
2014/9/23,399.77,,
2014/9/24,440.85,,
2014/9/25,423.57,,
2014/9/26,410.0,,
2014/9/27,405.08,,
2014/9/28,399.16,,
2014/9/29,375.35,,
2014/9/30,374.17,,
2014/10/1,389.56,,
2014/10/2,384.85,,
2014/10/3,376.29,,
2014/10/4,358.71,,
2014/10/5,326.24,,
2014/10/6,322.82,,
2014/10/7,328.56,,
2014/10/8,334.8,,
2014/10/9,355.73,,
2014/10/10,364.01,,
2014/10/11,360.85,,
2014/10/12,362.77,,
2014/10/13,378.48,,
2014/10/14,392.99,,
2014/10/15,402.01,,
2014/10/16,394.52,,
2014/10/17,384.19,,
2014/10/18,383.2,,
2014/10/19,390.59,,
2014/10/20,389.06,,
2014/10/21,381.0,,
2014/10/22,385.79,,
2014/10/23,382.05,,
2014/10/24,356.81,,
2014/10/25,358.78,,
2014/10/26,348.69,,
2014/10/27,355.19,,
2014/10/28,351.03,,
2014/10/29,355.71,,
2014/10/30,336.37,,
2014/10/31,346.14,,
2014/11/1,337.99,,
2014/11/2,324.55,,
2014/11/3,324.23,,
2014/11/4,326.45,,
2014/11/5,329.96,,
2014/11/6,338.37,,
2014/11/7,349.99,,
2014/11/8,342.16,,
2014/11/9,346.19,,
2014/11/10,365.37,,
2014/11/11,366.43,,
2014/11/12,370.09,,
2014/11/13,426.64,,
2014/11/14,417.85,,
2014/11/15,399.97,,
2014/11/16,376.97,,
2014/11/17,389.86,,
2014/11/18,388.72,,
2014/11/19,374.87,,
2014/11/20,379.04,,
2014/11/21,356.47,,
2014/11/22,351.19,,
2014/11/23,354.29,,
2014/11/24,367.17,,
2014/11/25,375.99,,
2014/11/26,377.05,,
2014/11/27,368.5,,
2014/11/28,369.98,,
2014/11/29,376.0,,
2014/11/30,375.48,,
2014/12/1,376.09,,
2014/12/2,376.53,,
2014/12/3,379.52,,
2014/12/4,376.61,,
2014/12/5,369.89,,
2014/12/6,376.0,,
2014/12/7,375.05,,
2014/12/8,376.03,,
2014/12/9,362.74,,
2014/12/10,352.02,,
2014/12/11,345.22,,
2014/12/12,348.88,,
2014/12/13,353.33,,
2014/12/14,351.67,,
2014/12/15,357.3,,
2014/12/16,348.85,,
2014/12/17,329.05,,
2014/12/18,321.96,,
2014/12/19,312.65,,
2014/12/20,318.58,,
2014/12/21,331.77,,
2014/12/22,320.88,,
2014/12/23,332.52,,
2014/12/24,336.9,,
2014/12/25,323.03,,
2014/12/26,319.85,,
2014/12/27,329.31,,
2014/12/28,316.48,,
2014/12/29,317.64,,
2014/12/30,313.36,,
2014/12/31,311.1,,
2015/1/1,321.0,,
2015/1/2,313.82,,
2015/1/3,315.42,,
2015/1/4,280.0,,
2015/1/5,264.55,,
2015/1/6,278.98,,
2015/1/7,285.13,,
2015/1/8,295.0,,
2015/1/9,272.45,,
2015/1/10,293.89,,
2015/1/11,275.6,,
2015/1/12,266.34,,
2015/1/13,267.1,,
2015/1/14,227.01,,
2015/1/15,172.0,,
2015/1/16,210.69,,
2015/1/17,208.02,,
2015/1/18,199.69,,
2015/1/19,211.8,,
2015/1/20,216.01,,
2015/1/21,211.94,,
2015/1/22,227.75,,
2015/1/23,234.08,,
2015/1/24,233.42,,
2015/1/25,249.33,,
2015/1/26,254.67,,
2015/1/27,274.76,,
2015/1/28,263.97,,
2015/1/29,236.07,,
2015/1/30,235.12,,
2015/1/31,228.96,,
2015/2/1,218.04,,
2015/2/2,226.93,,
2015/2/3,238.38,,
2015/2/4,227.94,,
2015/2/5,226.93,,
2015/2/6,216.46,,
2015/2/7,223.44,,
2015/2/8,228.78,,
2015/2/9,223.92,,
2015/2/10,220.91,,
2015/2/11,220.42,,
2015/2/12,219.57,,
2015/2/13,223.02,,
2015/2/14,237.0,,
2015/2/15,256.81,,
2015/2/16,235.61,,
2015/2/17,234.69,,
2015/2/18,244.6,,
2015/2/19,237.37,,
2015/2/20,240.61,,
2015/2/21,245.0,,
2015/2/22,245.84,,
2015/2/23,236.46,,
2015/2/24,239.63,,
2015/2/25,239.53,,
2015/2/26,237.99,,
2015/2/27,236.83,,
2015/2/28,252.29,,
2015/3/1,253.45,,
2015/3/2,257.95,,
2015/3/3,275.95,,
2015/3/4,281.03,,
2015/3/5,270.72,,
2015/3/6,273.46,,
2015/3/7,272.61,,
2015/3/8,276.71,,
2015/3/9,275.0,,
2015/3/10,287.12,,
2015/3/11,290.0,,
2015/3/12,296.29,,
2015/3/13,295.66,,
2015/3/14,283.25,,
2015/3/15,282.36,,
2015/3/16,286.79,,
2015/3/17,289.27,,
2015/3/18,282.8,,
2015/3/19,256.59,,
2015/3/20,261.97,,
2015/3/21,261.92,,
2015/3/22,260.0,,
2015/3/23,268.28,,
2015/3/24,265.98,,
2015/3/25,245.29,,
2015/3/26,246.99,,
2015/3/27,249.23,,
2015/3/28,247.93,,
2015/3/29,252.91,,
2015/3/30,242.41,,
2015/3/31,247.95,,
2015/4/1,243.93,,
2015/4/2,246.68,,
2015/4/3,253.22,,
2015/4/4,254.19,,
2015/4/5,253.6,,
2015/4/6,260.57,,
2015/4/7,255.54,,
2015/4/8,253.71,,
2015/4/9,244.84,,
2015/4/10,243.75,,
2015/4/11,235.99,,
2015/4/12,236.09,,
2015/4/13,236.42,,
2015/4/14,222.97,,
2015/4/15,215.78,,
2015/4/16,222.83,,
2015/4/17,227.36,,
2015/4/18,222.6,,
2015/4/19,223.35,,
2015/4/20,222.54,,
2015/4/21,224.3,,
2015/4/22,235.71,,
2015/4/23,233.25,,
2015/4/24,235.61,,
2015/4/25,231.04,,
2015/4/26,226.12,,
2015/4/27,219.52,,
2015/4/28,227.17,,
2015/4/29,225.18,,
2015/4/30,225.5,,
2015/5/1,236.47,,
2015/5/2,231.05,,
2015/5/3,233.83,,
2015/5/4,239.73,,
2015/5/5,238.22,,
2015/5/6,235.18,,
2015/5/7,228.34,,
2015/5/8,236.92,,
2015/5/9,243.22,,
2015/5/10,241.83,,
2015/5/11,239.13,,
2015/5/12,241.3,,
2015/5/13,241.03,,
2015/5/14,235.97,,
2015/5/15,237.12,,
2015/5/16,237.39,,
2015/5/17,235.43,,
2015/5/18,235.69,,
2015/5/19,233.03,,
2015/5/20,231.4,,
2015/5/21,234.4,,
2015/5/22,235.0,,
2015/5/23,238.8,,
2015/5/24,237.87,,
2015/5/25,239.69,,
2015/5/26,235.72,,
2015/5/27,235.71,,
2015/5/28,235.32,,
2015/5/29,236.46,,
2015/5/30,236.03,,
2015/5/31,232.11,,
2015/6/1,228.91,,
2015/6/2,223.5,,
2015/6/3,225.17,,
2015/6/4,224.8,,
2015/6/5,222.99,,
2015/6/6,224.4,,
2015/6/7,224.95,,
2015/6/8,222.65,,
2015/6/9,228.05,,
2015/6/10,228.7,,
2015/6/11,227.88,,
2015/6/12,229.14,,
2015/6/13,229.3,,
2015/6/14,231.64,,
2015/6/15,232.08,,
2015/6/16,236.0,,
2015/6/17,250.02,,
2015/6/18,247.76,,
2015/6/19,248.45,,
2015/6/20,243.75,,
2015/6/21,244.65,,
2015/6/22,243.6,,
2015/6/23,245.99,,
2015/6/24,243.85,,
2015/6/25,240.19,,
2015/6/26,242.08,,
2015/6/27,242.98,,
2015/6/28,251.28,,
2015/6/29,248.63,,
2015/6/30,256.04,,
2015/7/1,262.58,,
2015/7/2,257.62,,
2015/7/3,254.49,,
2015/7/4,256.06,,
2015/7/5,260.16,,
2015/7/6,271.39,,
2015/7/7,268.53,,
2015/7/8,265.67,,
2015/7/9,270.41,,
2015/7/10,268.98,,
2015/7/11,284.63,,
2015/7/12,291.65,,
2015/7/13,310.55,,
2015/7/14,292.54,,
2015/7/15,287.49,,
2015/7/16,285.67,,
2015/7/17,277.74,,
2015/7/18,279.15,,
2015/7/19,276.74,,
2015/7/20,275.08,,
2015/7/21,278.95,,
2015/7/22,276.49,,
2015/7/23,277.5,,
2015/7/24,276.61,,
2015/7/25,289.0,,
2015/7/26,288.97,,
2015/7/27,292.85,,
2015/7/28,294.03,,
2015/7/29,294.01,,
2015/7/30,289.85,,
2015/7/31,288.29,,
2015/8/1,284.69,,
2015/8/2,280.19,,
2015/8/3,282.53,,
2015/8/4,280.43,,
2015/8/5,284.91,,
2015/8/6,281.13,,
2015/8/7,277.48,,
2015/8/8,279.94,,
2015/8/9,262.19,,
2015/8/10,265.05,,
2015/8/11,264.11,,
2015/8/12,271.15,,
2015/8/13,267.53,,
2015/8/14,264.74,,
2015/8/15,265.57,,
2015/8/16,261.46,,
2015/8/17,256.11,,
2015/8/18,256.66,,
2015/8/19,224.0,,
2015/8/20,226.4,,
2015/8/21,235.15,,
2015/8/22,233.5,,
2015/8/23,231.0,,
2015/8/24,228.35,,
2015/8/25,209.76,,
2015/8/26,222.38,,
2015/8/27,225.8,,
2015/8/28,225.09,,
2015/8/29,231.76,,
2015/8/30,230.41,,
2015/8/31,229.04,,
2015/9/1,230.25,,
2015/9/2,227.97,,
2015/9/3,228.95,,
2015/9/4,227.24,,
2015/9/5,230.72,,
2015/9/6,235.39,,
2015/9/7,240.28,,
2015/9/8,240.07,,
2015/9/9,244.04,,
2015/9/10,238.35,,
2015/9/11,238.57,,
2015/9/12,239.92,,
2015/9/13,234.79,,
2015/9/14,229.66,,
2015/9/15,229.84,,
2015/9/16,229.99,,
2015/9/17,228.34,,
2015/9/18,232.2,,
2015/9/19,233.24,,
2015/9/20,230.0,,
2015/9/21,230.1,,
2015/9/22,226.15,,
2015/9/23,230.08,,
2015/9/24,229.42,,
2015/9/25,233.88,,
2015/9/26,235.14,,
2015/9/27,233.81,,
2015/9/28,232.4,,
2015/9/29,239.14,,
2015/9/30,236.78,,
2015/10/1,235.87,,
2015/10/2,238.0,,
2015/10/3,237.77,,
2015/10/4,239.06,,
2015/10/5,238.6,,
2015/10/6,240.85,,
2015/10/7,246.79,,
2015/10/8,243.47,,
2015/10/9,243.29,,
2015/10/10,244.49,,
2015/10/11,245.71,,
2015/10/12,248.05,,
2015/10/13,245.81,,
2015/10/14,249.97,,
2015/10/15,252.47,,
2015/10/16,254.49,,
2015/10/17,263.09,,
2015/10/18,270.04,,
2015/10/19,260.99,,
2015/10/20,264.28,,
2015/10/21,270.3,,
2015/10/22,267.9,,
2015/10/23,275.21,,
2015/10/24,278.6,,
2015/10/25,283.03,,
2015/10/26,283.96,,
2015/10/27,286.9,,
2015/10/28,295.8,,
2015/10/29,305.67,,
2015/10/30,314.95,,
2015/10/31,328.28,,
2015/11/1,310.9,,
2015/11/2,325.78,,
2015/11/3,361.73,,
2015/11/4,404.55,,
2015/11/5,407.99,,
2015/11/6,387.77,,
2015/11/7,374.41,,
2015/11/8,383.62,,
2015/11/9,372.86,,
2015/11/10,378.02,,
2015/11/11,335.02,,
2015/11/12,309.95,,
2015/11/13,337.0,,
2015/11/14,336.98,,
2015/11/15,332.95,,
2015/11/16,319.29,,
2015/11/17,330.82,,
2015/11/18,336.0,,
2015/11/19,335.68,,
2015/11/20,326.51,,
2015/11/21,322.04,,
2015/11/22,326.5,,
2015/11/23,324.2,,
2015/11/24,323.48,,
2015/11/25,319.7,,
2015/11/26,328.9,,
2015/11/27,353.9,,
2015/11/28,357.42,,
2015/11/29,356.78,,
2015/11/30,371.2,,
2015/12/1,376.7,,
2015/12/2,362.7,,
2015/12/3,359.11,,
2015/12/4,361.48,,
2015/12/5,363.62,,
2015/12/6,388.0,,
2015/12/7,388.54,,
2015/12/8,395.57,,
2015/12/9,416.67,,
2015/12/10,416.69,,
2015/12/11,415.57,,
2015/12/12,453.12,,
2015/12/13,436.08,,
2015/12/14,433.13,,
2015/12/15,443.3,,
2015/12/16,464.53,,
2015/12/17,455.61,,
2015/12/18,455.37,,
2015/12/19,463.7,,
2015/12/20,461.89,,
2015/12/21,442.47,,
2015/12/22,438.14,,
2015/12/23,435.65,,
2015/12/24,443.01,,
2015/12/25,455.78,,
2015/12/26,455.5,,
2015/12/27,417.11,,
2015/12/28,421.78,,
2015/12/29,420.81,,
2015/12/30,431.7,,
2015/12/31,426.09,,
2016/1/1,430.89,,
2016/1/2,434.87,,
2016/1/3,433.2,,
2016/1/4,431.54,,
2016/1/5,433.31,,
2016/1/6,432.45,,
2016/1/7,429.99,,
2016/1/8,456.87,,
2016/1/9,452.02,,
2016/1/10,448.84,,
2016/1/11,448.2,,
2016/1/12,448.0,,
2016/1/13,434.78,,
2016/1/14,432.64,,
2016/1/15,429.55,,
2016/1/16,360.62,,
2016/1/17,387.8,,
2016/1/18,379.94,,
2016/1/19,385.47,,
2016/1/20,376.9,,
2016/1/21,418.9,,
2016/1/22,409.42,,
2016/1/23,382.85,,
2016/1/24,386.37,,
2016/1/25,402.16,,
2016/1/26,390.1,,
2016/1/27,391.77,,
2016/1/28,394.62,,
2016/1/29,379.55,,
2016/1/30,378.12,,
2016/1/31,376.38,,
2016/2/1,368.49,,
2016/2/2,371.79,,
2016/2/3,373.05,,
2016/2/4,368.4,,
2016/2/5,388.0,,
2016/2/6,384.97,,
2016/2/7,375.39,,
2016/2/8,375.0,,
2016/2/9,370.95,,
2016/2/10,373.69,,
2016/2/11,379.34,,
2016/2/12,377.98,,
2016/2/13,383.0,,
2016/2/14,390.99,,
2016/2/15,405.5,,
2016/2/16,399.5,,
2016/2/17,407.51,,
2016/2/18,415.59,,
2016/2/19,421.15,,
2016/2/20,419.98,,
2016/2/21,434.63,,
2016/2/22,438.33,,
2016/2/23,438.26,,
2016/2/24,419.1,,
2016/2/25,423.79,,
2016/2/26,423.38,,
2016/2/27,432.0,,
2016/2/28,431.07,,
2016/2/29,430.26,,
2016/3/1,436.75,,
2016/3/2,433.33,,
2016/3/3,422.4,,
2016/3/4,420.29,,
2016/3/5,408.18,,
2016/3/6,399.77,,
2016/3/7,406.15,,
2016/3/8,413.96,,
2016/3/9,412.14,,
2016/3/10,412.99,,
2016/3/11,416.0,,
2016/3/12,419.14,,
2016/3/13,409.95,,
2016/3/14,412.99,,
2016/3/15,414.83,,
2016/3/16,415.84,,
2016/3/17,416.52,,
2016/3/18,418.47,,
2016/3/19,407.5,,
2016/3/20,408.36,,
2016/3/21,410.62,,
2016/3/22,411.15,,
2016/3/23,416.39,,
2016/3/24,417.62,,
2016/3/25,415.17,,
2016/3/26,415.6,,
2016/3/27,416.96,,
2016/3/28,424.62,,
2016/3/29,422.87,,
2016/3/30,415.43,,
2016/3/31,413.68,,
2016/4/1,414.66,,
2016/4/2,416.31,,
2016/4/3,419.35,,
2016/4/4,418.51,,
2016/4/5,418.81,,
2016/4/6,422.71,,
2016/4/7,420.62,,
2016/4/8,419.99,,
2016/4/9,417.75,,
2016/4/10,418.59,,
2016/4/11,420.4,,
2016/4/12,422.79,,
2016/4/13,425.32,,
2016/4/14,423.6,,
2016/4/15,424.4,,
2016/4/16,429.29,,
2016/4/17,430.18,,
2016/4/18,427.15,,
2016/4/19,428.14,,
2016/4/20,435.7,,
2016/4/21,441.99,,
2016/4/22,451.0,,
2016/4/23,447.16,,
2016/4/24,451.92,,
2016/4/25,460.03,,
2016/4/26,462.29,,
2016/4/27,467.39,,
2016/4/28,445.39,,
2016/4/29,449.94,,
2016/4/30,456.53,,
2016/5/1,448.43,,
2016/5/2,452.99,,
2016/5/3,444.06,,
2016/5/4,451.18,,
2016/5/5,447.36,,
2016/5/6,448.5,,
2016/5/7,458.98,,
2016/5/8,458.97,,
2016/5/9,457.75,,
2016/5/10,461.49,,
2016/5/11,450.88,,
2016/5/12,452.95,,
2016/5/13,455.2,,
2016/5/14,456.42,,
2016/5/15,456.3,,
2016/5/16,457.56,,
2016/5/17,454.0,,
2016/5/18,452.96,,
2016/5/19,452.47,,
2016/5/20,436.3,,
2016/5/21,442.84,,
2016/5/22,442.72,,
2016/5/23,438.72,,
2016/5/24,442.63,,
2016/5/25,445.31,,
2016/5/26,448.27,,
2016/5/27,452.07,,
2016/5/28,470.58,,
2016/5/29,522.13,,
2016/5/30,517.6,,
2016/5/31,527.64,,
2016/6/1,532.37,,
2016/6/2,536.95,,
2016/6/3,538.0,,
2016/6/4,569.93,,
2016/6/5,573.5,,
2016/6/6,573.8,,
2016/6/7,584.12,,
2016/6/8,577.48,,
2016/6/9,583.01,,
2016/6/10,576.06,,
2016/6/11,576.53,,
2016/6/12,610.0,,
2016/6/13,668.73,,
2016/6/14,703.81,,
2016/6/15,685.25,,
2016/6/16,695.0,,
2016/6/17,767.37,,
2016/6/18,745.0,,
2016/6/19,753.47,,
2016/6/20,759.12,,
2016/6/21,725.0,,
2016/6/22,665.36,,
2016/6/23,600.51,,
2016/6/24,622.59,,
2016/6/25,660.76,,
2016/6/26,658.8,,
2016/6/27,630.16,,
2016/6/28,657.49,,
2016/6/29,644.33,,
2016/6/30,635.91,,
2016/7/1,666.33,,
2016/7/2,674.55,,
2016/7/3,702.48,,
2016/7/4,659.77,,
2016/7/5,678.74,,
2016/7/6,669.09,,
2016/7/7,674.7,,
2016/7/8,638.89,,
2016/7/9,663.0,,
2016/7/10,647.78,,
2016/7/11,648.77,,
2016/7/12,649.32,,
2016/7/13,663.52,,
2016/7/14,652.24,,
2016/7/15,660.3,,
2016/7/16,664.6,,
2016/7/17,662.45,,
2016/7/18,679.54,,
2016/7/19,673.45,,
2016/7/20,674.8,,
2016/7/21,667.01,,
2016/7/22,663.25,,
2016/7/23,647.88,,
2016/7/24,655.52,,
2016/7/25,659.64,,
2016/7/26,655.0,,
2016/7/27,651.22,,
2016/7/28,655.13,,
2016/7/29,654.84,,
2016/7/30,654.88,,
2016/7/31,654.02,,
2016/8/1,622.5,,
2016/8/2,606.84,,
2016/8/3,540.0,,
2016/8/4,563.99,,
2016/8/5,578.14,,
2016/8/6,572.98,,
2016/8/7,589.47,,
2016/8/8,592.47,,
2016/8/9,591.85,,
2016/8/10,582.71,,
2016/8/11,590.46,,
2016/8/12,585.25,,
2016/8/13,585.34,,
2016/8/14,583.54,,
2016/8/15,568.76,,
2016/8/16,564.2,,
2016/8/17,574.95,,
2016/8/18,570.91,,
2016/8/19,571.51,,
2016/8/20,572.98,,
2016/8/21,577.7,,
2016/8/22,577.55,,
2016/8/23,582.78,,
2016/8/24,580.27,,
2016/8/25,577.65,,
2016/8/26,575.75,,
2016/8/27,577.92,,
2016/8/28,567.51,,
2016/8/29,573.2,,
2016/8/30,570.74,,
2016/8/31,575.88,,
2016/9/1,570.75,,
2016/9/2,571.05,,
2016/9/3,572.0,,
2016/9/4,596.25,,
2016/9/5,605.72,,
2016/9/6,604.98,,
2016/9/7,608.93,,
2016/9/8,614.44,,
2016/9/9,625.67,,
2016/9/10,622.01,,
2016/9/11,621.65,,
2016/9/12,604.08,,
2016/9/13,606.4,,
2016/9/14,607.45,,
2016/9/15,608.5,,
2016/9/16,606.65,,
2016/9/17,607.04,,
2016/9/18,602.93,,
2016/9/19,608.0,,
2016/9/20,608.73,,
2016/9/21,600.85,,
2016/9/22,595.46,,
2016/9/23,595.42,,
2016/9/24,600.47,,
2016/9/25,600.05,,
2016/9/26,598.95,,
2016/9/27,606.7,,
2016/9/28,605.07,,
2016/9/29,603.93,,
2016/9/30,605.59,,
2016/10/1,608.23,,
2016/10/2,612.98,,
2016/10/3,608.6,,
2016/10/4,612.84,,
2016/10/5,607.19,,
2016/10/6,608.01,,
2016/10/7,610.25,,
2016/10/8,614.88,,
2016/10/9,614.34,,
2016/10/10,612.12,,
2016/10/11,616.37,,
2016/10/12,638.3,,
2016/10/13,634.5,,
2016/10/14,635.16,,
2016/10/15,638.2,,
2016/10/16,635.26,,
2016/10/17,638.97,,
2016/10/18,636.96,,
2016/10/19,635.95,,
2016/10/20,627.84,,
2016/10/21,628.05,,
2016/10/22,628.99,,
2016/10/23,654.52,,
2016/10/24,648.71,,
2016/10/25,649.03,,
2016/10/26,651.97,,
2016/10/27,674.63,,
2016/10/28,684.68,,
2016/10/29,685.91,,
2016/10/30,711.1,,
2016/10/31,697.1,,
2016/11/1,697.04,,
2016/11/2,726.6,,
2016/11/3,742.0,,
2016/11/4,684.84,,
2016/11/5,702.95,,
2016/11/6,703.33,,
2016/11/7,709.92,,
2016/11/8,702.86,,
2016/11/9,708.17,,
2016/11/10,721.5,,
2016/11/11,714.48,,
2016/11/12,716.39,,
2016/11/13,701.17,,
2016/11/14,700.38,,
2016/11/15,704.98,,
2016/11/16,711.07,,
2016/11/17,739.71,,
2016/11/18,736.0,,
2016/11/19,748.98,,
2016/11/20,750.09,,
2016/11/21,727.09,,
2016/11/22,736.92,,
2016/11/23,749.13,,
2016/11/24,740.18,,
2016/11/25,735.63,,
2016/11/26,736.96,,
2016/11/27,729.91,,
2016/11/28,727.32,,
2016/11/29,730.99,,
2016/11/30,730.72,,
2016/12/1,742.06,,
2016/12/2,751.55,,
2016/12/3,770.91,,
2016/12/4,762.97,,
2016/12/5,762.0,,
2016/12/6,749.51,,
2016/12/7,758.97,,
2016/12/8,764.05,,
2016/12/9,766.84,,
2016/12/10,769.57,,
2016/12/11,772.28,,
2016/12/12,768.97,,
2016/12/13,777.0,,
2016/12/14,775.75,,
2016/12/15,777.03,,
2016/12/16,776.3,,
2016/12/17,781.32,,
2016/12/18,788.3,,
2016/12/19,788.34,,
2016/12/20,791.03,,
2016/12/21,798.83,,
2016/12/22,832.02,,
2016/12/23,858.94,,
2016/12/24,914.48,,
2016/12/25,892.61,,
2016/12/26,890.65,,
2016/12/27,897.82,,
2016/12/28,930.34,,
2016/12/29,976.48,,
2016/12/30,969.99,,
2016/12/31,959.54,,
2017/1/1,966.34,,
2017/1/2,997.75,,
2017/1/3,1011.44,,
2017/1/4,1035.51,,
2017/1/5,1114.38,,
2017/1/6,1004.73,,
2017/1/7,894.02,,
2017/1/8,906.2,,
2017/1/9,909.8,,
2017/1/10,896.09,,
2017/1/11,905.24,,
2017/1/12,778.7,,
2017/1/13,807.51,,
2017/1/14,825.98,,
2017/1/15,819.52,,
2017/1/16,821.86,,
2017/1/17,831.76,,
2017/1/18,905.95,,
2017/1/19,887.69,,
2017/1/20,902.23,,
2017/1/21,895.81,,
2017/1/22,921.98,,
2017/1/23,923.75,,
2017/1/24,913.15,,
2017/1/25,885.47,,
2017/1/26,893.25,,
2017/1/27,914.95,,
2017/1/28,918.02,,
2017/1/29,918.6,,
2017/1/30,913.12,,
2017/1/31,919.99,,
2017/2/1,963.99,,
2017/2/2,983.79,,
2017/2/3,1009.15,,
2017/2/4,1015.06,,
2017/2/5,1033.72,,
2017/2/6,1010.03,,
2017/2/7,1024.0,,
2017/2/8,1052.48,,
2017/2/9,1051.73,,
2017/2/10,985.71,,
2017/2/11,995.49,,
2017/2/12,1011.01,,
2017/2/13,1000.73,,
2017/2/14,1000.74,,
2017/2/15,1008.88,,
2017/2/16,1011.53,,
2017/2/17,1032.91,,
2017/2/18,1055.75,,
2017/2/19,1056.4,,
2017/2/20,1051.8,,
2017/2/21,1084.0,,
2017/2/22,1124.83,,
2017/2/23,1130.02,,
2017/2/24,1183.53,,
2017/2/25,1180.05,,
2017/2/26,1152.11,,
2017/2/27,1180.46,,
2017/2/28,1194.64,,
2017/3/1,1191.16,,
2017/3/2,1228.0,,
2017/3/3,1256.32,,
2017/3/4,1287.38,,
2017/3/5,1260.0,,
2017/3/6,1269.98,,
2017/3/7,1278.49,,
2017/3/8,1233.86,,
2017/3/9,1149.34,,
2017/3/10,1190.99,,
2017/3/11,1111.55,,
2017/3/12,1176.58,,
2017/3/13,1226.42,,
2017/3/14,1242.46,,
2017/3/15,1245.82,,
2017/3/16,1258.75,,
2017/3/17,1172.0,,
2017/3/18,1068.16,,
2017/3/19,969.4,,
2017/3/20,1012.88,,
2017/3/21,1036.23,,
2017/3/22,1114.39,,
2017/3/23,1037.6,,
2017/3/24,1030.84,,
2017/3/25,928.1,,
2017/3/26,956.02,,
2017/3/27,959.08,,
2017/3/28,1039.09,,
2017/3/29,1042.83,,
2017/3/30,1037.29,,
2017/3/31,1033.79,,
2017/4/1,1071.34,,
2017/4/2,1083.95,,
2017/4/3,1076.59,,
2017/4/4,1146.42,,
2017/4/5,1143.0,,
2017/4/6,1134.86,,
2017/4/7,1190.72,,
2017/4/8,1190.66,,
2017/4/9,1184.05,,
2017/4/10,1205.2,,
2017/4/11,1209.99,,
2017/4/12,1218.99,,
2017/4/13,1212.16,,
2017/4/14,1172.56,,
2017/4/15,1169.53,,
2017/4/16,1171.0,,
2017/4/17,1162.31,,
2017/4/18,1176.59,,
2017/4/19,1202.59,,
2017/4/20,1203.98,,
2017/4/21,1234.93,,
2017/4/22,1243.6,,
2017/4/23,1231.85,,
2017/4/24,1242.0,,
2017/4/25,1253.57,,
2017/4/26,1271.4,,
2017/4/27,1287.92,,
2017/4/28,1331.0,,
2017/4/29,1333.93,,
2017/4/30,1336.77,,
2017/5/1,1348.88,,
2017/5/2,1390.86,,
2017/5/3,1447.75,,
2017/5/4,1503.25,,
2017/5/5,1537.36,,
2017/5/6,1515.39,,
2017/5/7,1554.04,,
2017/5/8,1554.38,,
2017/5/9,1649.55,,
2017/5/10,1720.26,,
2017/5/11,1774.52,,
2017/5/12,1830.85,,
2017/5/13,1690.33,,
2017/5/14,1776.8,,
2017/5/15,1782.3,,
2017/5/16,1706.07,,
2017/5/17,1700.01,,
2017/5/18,1779.0,,
2017/5/19,1879.0,,
2017/5/20,1959.09,,
2017/5/21,2013.99,,
2017/5/22,2017.55,,
2017/5/23,2088.76,,
2017/5/24,2265.9,,
2017/5/25,2420.29,,
2017/5/26,2277.01,,
2017/5/27,2280.7,,
2017/5/28,2042.89,,
2017/5/29,2172.54,,
2017/5/30,2290.18,,
2017/5/31,2201.7,,
2017/6/1,2298.01,,
2017/6/2,2413.58,,
2017/6/3,2488.94,,
2017/6/4,2538.1,,
2017/6/5,2530.27,,
2017/6/6,2698.0,,
2017/6/7,2875.71,,
2017/6/8,2680.24,,
2017/6/9,2805.46,,
2017/6/10,2818.0,,
2017/6/11,2899.01,,
2017/6/12,2954.23,,
2017/6/13,2656.97,,
2017/6/14,2705.99,,
2017/6/15,2451.42,,
2017/6/16,2424.96,,
2017/6/17,2484.68,,
2017/6/18,2630.06,,
2017/6/19,2516.98,,
2017/6/20,2598.0,,
2017/6/21,2734.03,,
2017/6/22,2658.67,,
2017/6/23,2713.48,,
2017/6/24,2685.05,,
2017/6/25,2557.66,,
2017/6/26,2502.26,,
2017/6/27,2421.21,,
2017/6/28,2565.0,,
2017/6/29,2550.99,,
2017/6/30,2538.41,,
2017/7/1,2465.48,,
2017/7/2,2421.3,,
2017/7/3,2504.81,,
2017/7/4,2540.07,,
2017/7/5,2594.52,,
2017/7/6,2598.37,,
2017/7/7,2599.01,,
2017/7/8,2501.46,,
2017/7/9,2550.13,,
2017/7/10,2504.0,,
2017/7/11,2326.12,,
2017/7/12,2301.55,,
2017/7/13,2383.97,,
2017/7/14,2340.0,,
2017/7/15,2209.44,,
2017/7/16,1970.51,,
2017/7/17,1917.72,,
2017/7/18,2226.0,,
2017/7/19,2308.82,,
2017/7/20,2265.51,,
2017/7/21,2880.0,,
2017/7/22,2667.01,,
2017/7/23,2824.82,,
2017/7/24,2756.8,,
2017/7/25,2759.95,,
2017/7/26,2564.74,,
2017/7/27,2524.99,,
2017/7/28,2666.33,,
2017/7/29,2777.01,,
2017/7/30,2681.6,,
2017/7/31,2745.76,,
2017/8/1,2855.81,,
2017/8/2,2732.0,,
2017/8/3,2703.51,,
2017/8/4,2793.34,,
2017/8/5,2851.01,,
2017/8/6,3263.51,,
2017/8/7,3216.78,,
2017/8/8,3387.54,,
2017/8/9,3408.46,,
2017/8/10,3342.99,,
2017/8/11,3410.0,,
2017/8/12,3651.74,,
2017/8/13,3855.04,,
2017/8/14,4053.87,,
2017/8/15,4320.95,,
2017/8/16,4154.99,,
2017/8/17,4361.99,,
2017/8/18,4260.47,,
2017/8/19,4100.0,,
2017/8/20,4091.99,,
2017/8/21,4058.64,,
2017/8/22,3987.51,,
2017/8/23,4078.0,,
2017/8/24,4121.78,,
2017/8/25,4308.8,,
2017/8/26,4348.17,,
2017/8/27,4333.38,,
2017/8/28,4329.91,,
2017/8/29,4385.0,,
2017/8/30,4578.82,,
2017/8/31,4573.15,,
2017/9/1,4734.26,,
2017/9/2,4921.71,,
2017/9/3,4599.9,,
2017/9/4,4603.68,,
2017/9/5,4282.53,,
2017/9/6,4397.38,,
2017/9/7,4605.81,,
2017/9/8,4615.0,,
2017/9/9,4327.41,,
2017/9/10,4322.44,,
2017/9/11,4226.21,,
2017/9/12,4198.89,,
2017/9/13,4170.6,,
2017/9/14,3861.89,,
2017/9/15,3227.79,,
2017/9/16,3699.89,,
2017/9/17,3669.07,,
2017/9/18,3662.95,,
2017/9/19,4102.0,,
2017/9/20,3888.8,,
2017/9/21,3864.0,,
2017/9/22,3607.83,,
2017/9/23,3611.91,,
2017/9/24,3781.13,,
2017/9/25,3667.01,,
2017/9/26,3920.66,,
2017/9/27,3883.95,,
2017/9/28,4202.34,,
2017/9/29,4183.47,,
2017/9/30,4162.04,,
2017/10/1,4326.09,,
2017/10/2,4369.33,,
2017/10/3,4391.41,,
2017/10/4,4315.73,,
2017/10/5,4219.74,,
2017/10/6,4301.09,,
2017/10/7,4356.09,,
2017/10/8,4422.72,,
2017/10/9,4597.97,,
2017/10/10,4761.67,,
2017/10/11,4747.9,,
2017/10/12,4822.01,,
2017/10/13,5444.0,,
2017/10/14,5653.58,,
2017/10/15,5795.01,,
2017/10/16,5683.92,,
2017/10/17,5752.2,,
2017/10/18,5591.97,,
2017/10/19,5572.64,,
2017/10/20,5700.0,,
2017/10/21,5977.26,,
2017/10/22,6010.85,,
2017/10/23,5967.38,,
2017/10/24,5869.82,,
2017/10/25,5518.49,,
2017/10/26,5741.35,,
2017/10/27,5889.99,,
2017/10/28,5773.03,,
2017/10/29,5731.7,,
2017/10/30,6133.01,,
2017/10/31,6120.0,,
2017/11/1,6434.24,,
2017/11/2,6745.04,,
2017/11/3,7030.0,,
2017/11/4,7145.24,,
2017/11/5,7388.79,,
2017/11/6,7373.3,,
2017/11/7,6967.64,,
2017/11/8,7131.38,,
2017/11/9,7465.06,,
2017/11/10,7150.61,,
2017/11/11,6588.18,,
2017/11/12,6355.13,,
2017/11/13,5870.03,,
2017/11/14,6524.69,,
2017/11/15,6609.0,,
2017/11/16,7294.0,,
2017/11/17,7846.96,,
2017/11/18,7675.0,,
2017/11/19,7775.55,,
2017/11/20,8016.58,,
2017/11/21,8226.14,,
2017/11/22,8095.19,,
2017/11/23,8214.69,,
2017/11/24,7988.96,,
2017/11/25,8199.83,,
2017/11/26,8718.0,,
2017/11/27,9278.99,,
2017/11/28,9708.06,,
2017/11/29,9877.63,,
2017/11/30,9833.7,,
2017/12/1,9927.29,,
2017/12/2,10840.45,,
2017/12/3,10875.68,,
2017/12/4,11250.0,,
2017/12/5,11613.07,,
2017/12/6,11676.99,,
2017/12/7,13623.0,,
2017/12/8,16599.99,,
2017/12/9,15799.87,,
2017/12/10,14601.01,,
2017/12/11,14690.99,,
2017/12/12,16470.0,,
2017/12/13,16650.01,,
2017/12/14,16245.02,,
2017/12/15,16404.99,,
2017/12/16,17477.98,,
2017/12/17,19187.78,,
2017/12/18,18953.0,,
2017/12/19,18940.58,,
2017/12/20,17700.0,,
2017/12/21,16466.98,,
2017/12/22,15600.0,,
2017/12/23,13980.0,,
2017/12/24,14619.0,,
2017/12/25,14107.87,,
2017/12/26,13925.5,,
2017/12/27,15764.45,,
2017/12/28,15390.05,,
2017/12/29,14436.99,,
2017/12/30,14351.0,,
2017/12/31,12640.0,,
2018/1/1,13880.0,,
2018/1/2,13394.2,,
2018/1/3,14670.96,,
2018/1/4,15155.62,,
2018/1/5,15143.67,,
2018/1/6,16927.99,,
2018/1/7,17142.43,,
2018/1/8,16173.98,,
2018/1/9,14999.99,,
2018/1/10,14403.51,,
2018/1/11,14899.99,,
2018/1/12,13249.99,,
2018/1/13,13829.28,,
2018/1/14,14197.78,,
2018/1/15,13647.99,,
2018/1/16,13581.66,,
2018/1/17,11393.97,,
2018/1/18,11199.0,,
2018/1/19,11290.9,,
2018/1/20,11560.82,,
2018/1/21,12782.99,,
2018/1/22,11558.87,,
2018/1/23,10810.0,,
2018/1/24,10848.99,,
2018/1/25,11400.98,,
2018/1/26,11140.01,,
2018/1/27,11093.74,,
2018/1/28,11446.54,,
2018/1/29,11685.58,,
2018/1/30,11162.62,,
2018/1/31,9971.0,,
2018/2/1,10148.99,,
2018/2/2,9010.87,,
2018/2/3,8838.29,,
2018/2/4,9225.31,,
2018/2/5,8190.78,,
2018/2/6,6878.65,,
2018/2/7,7737.26,,
2018/2/8,7588.01,,
2018/2/9,8259.42,,
2018/2/10,8693.98,,
2018/2/11,8560.0,,
2018/2/12,8077.25,,
2018/2/13,8891.2,,
2018/2/14,8504.57,,
2018/2/15,9490.98,,
2018/2/16,10011.3,,
2018/2/17,10203.14,,
2018/2/18,11101.0,,
2018/2/19,10433.68,,
2018/2/20,11159.12,,
2018/2/21,11233.42,,
2018/2/22,10446.79,,
2018/2/23,9843.33,,
2018/2/24,10135.2,,
2018/2/25,9688.26,,
2018/2/26,9595.99,,
2018/2/27,10329.99,,
2018/2/28,10572.49,,
2018/3/1,10314.99,,
2018/3/2,10917.37,,
2018/3/3,11032.81,,
2018/3/4,11445.0,,
2018/3/5,11479.68,,
2018/3/6,11417.39,,
2018/3/7,10723.01,,
2018/3/8,9904.52,,
2018/3/9,9293.06,,
2018/3/10,9228.83,,
2018/3/11,8795.04,,
2018/3/12,9535.04,,
2018/3/13,9115.24,,
2018/3/14,9152.07,,
2018/3/15,8195.99,,
2018/3/16,8265.05,,
2018/3/17,8258.54,,
2018/3/18,7860.83,,
2018/3/19,8205.55,,
2018/3/20,8596.79,,
2018/3/21,8904.02,,
2018/3/22,8892.18,,
2018/3/23,8708.52,,
2018/3/24,8917.99,,
2018/3/25,8541.96,,
2018/3/26,8451.12,,
2018/3/27,8152.26,,
2018/3/28,7791.69,,
2018/3/29,7932.41,,
2018/3/30,7086.14,,
2018/3/31,6839.63,,
2018/4/1,6926.5,,
2018/4/2,6816.31,,
2018/4/3,7052.75,,
2018/4/4,7415.53,,
2018/4/5,6799.37,,
2018/4/6,6771.3,,
2018/4/7,6627.7,,
2018/4/8,6904.21,,
2018/4/9,7027.26,,
2018/4/10,6782.39,,
2018/4/11,6824.75,,
2018/4/12,6940.94,,
2018/4/13,7923.78,,
2018/4/14,7885.9,,
2018/4/15,8003.39,,
2018/4/16,8353.43,,
2018/4/17,8054.68,,
2018/4/18,7890.87,,
2018/4/19,8172.83,,
2018/4/20,8273.0,,
2018/4/21,8865.78,,
2018/4/22,8924.93,,
2018/4/23,8781.7,,
2018/4/24,8942.0,,
2018/4/25,9648.36,,
2018/4/26,8855.07,,
2018/4/27,9277.32,,
2018/4/28,8916.54,,
2018/4/29,9352.97,,
2018/4/30,9396.32,,
2018/5/1,9243.51,,
2018/5/2,9066.9,,
2018/5/3,9220.0,,
2018/5/4,9737.0,,
2018/5/5,9689.0,,
2018/5/6,9827.04,,
2018/5/7,9621.99,,
2018/5/8,9356.79,,
2018/5/9,9181.52,,
2018/5/10,9308.49,,
2018/5/11,9007.19,,
2018/5/12,8408.79,,
2018/5/13,8481.72,,
2018/5/14,8696.54,,
2018/5/15,8674.53,,
2018/5/16,8481.99,,
2018/5/17,8337.77,,
2018/5/18,8058.16,,
2018/5/19,8248.99,,
2018/5/20,8225.55,,
2018/5/21,8518.64,,
2018/5/22,8403.23,,
2018/5/23,7983.98,,
2018/5/24,7509.99,,
2018/5/25,7579.3,,
2018/5/26,7459.21,,
2018/5/27,7335.99,,
2018/5/28,7348.64,,
2018/5/29,7112.2,,
2018/5/30,7469.45,,
2018/5/31,7375.64,,
2018/6/1,7492.28,,
2018/6/2,7511.72,,
2018/6/3,7642.0,,
2018/6/4,7712.97,,
2018/6/5,7494.99,,
2018/6/6,7617.98,,
2018/6/7,7658.99,,
2018/6/8,7676.41,,
2018/6/9,7618.11,,
2018/6/10,7498.0,,
2018/6/11,6781.17,,
2018/6/12,6880.76,,
2018/6/13,6557.66,,
2018/6/14,6308.49,,
2018/6/15,6638.8,,
2018/6/16,6390.6,,
2018/6/17,6487.92,,
2018/6/18,6451.03,,
2018/6/19,6711.3,,
2018/6/20,6728.44,,
2018/6/21,6756.6,,
2018/6/22,6718.33,,
2018/6/23,6055.17,,
2018/6/24,6169.91,,
2018/6/25,6153.6,,
2018/6/26,6252.28,,
2018/6/27,6073.99,,
2018/6/28,6135.64,,
2018/6/29,5845.2,,
2018/6/30,6204.01,,
2018/7/1,6385.75,,
2018/7/2,6345.48,,
2018/7/3,6605.46,,
2018/7/4,6507.99,,
2018/7/5,6575.62,,
2018/7/6,6533.69,,
2018/7/7,6604.74,,
2018/7/8,6755.46,,
2018/7/9,6706.6,,
2018/7/10,6666.75,,
2018/7/11,6304.45,,
2018/7/12,6379.13,,
2018/7/13,6243.53,,
2018/7/14,6208.78,,
2018/7/15,6245.99,,
2018/7/16,6353.25,,
2018/7/17,6721.21,,
2018/7/18,7310.71,,
2018/7/19,7384.92,,
2018/7/20,7474.35,,
2018/7/21,7330.84,,
2018/7/22,7398.16,,
2018/7/23,7393.5,,
2018/7/24,7712.46,,
2018/7/25,8394.48,,
2018/7/26,8174.06,,
2018/7/27,7926.0,,
2018/7/28,8177.72,,
2018/7/29,8231.07,,
2018/7/30,8216.74,,
2018/7/31,8162.28,,
2018/8/1,7726.85,,
2018/8/2,7600.22,,
2018/8/3,7535.0,,
2018/8/4,7416.98,,
2018/8/5,7009.94,,
2018/8/6,7028.89,,
2018/8/7,6932.18,,
2018/8/8,6717.67,,
2018/8/9,6283.89,,
2018/8/10,6544.98,,
2018/8/11,6139.99,,
2018/8/12,6240.49,,
2018/8/13,6311.99,,
2018/8/14,6252.63,,
2018/8/15,6194.3,,
2018/8/16,6273.34,,
2018/8/17,6314.08,,
2018/8/18,6578.13,,
2018/8/19,6397.37,,
2018/8/20,6481.63,,
2018/8/21,6260.83,,
2018/8/22,6478.99,,
2018/8/23,6355.97,,
2018/8/24,6525.99,,
2018/8/25,6692.99,,
2018/8/26,6732.99,,
2018/8/27,6700.13,,
2018/8/28,6911.7,,
2018/8/29,7079.46,,
2018/8/30,7034.47,,
2018/8/31,6984.34,,
2018/9/1,7015.78,,
2018/9/2,7195.8,,
2018/9/3,7291.94,,
2018/9/4,7261.29,,
2018/9/5,7353.48,,
2018/9/6,6671.95,,
2018/9/7,6488.01,,
2018/9/8,6401.01,,
2018/9/9,6178.31,,
2018/9/10,6238.99,,
2018/9/11,6303.99,,
2018/9/12,6274.6,,
2018/9/13,6326.83,,
2018/9/14,6482.95,,
2018/9/15,6476.51,,
2018/9/16,6521.49,,
2018/9/17,6499.28,,
2018/9/18,6251.49,,
2018/9/19,6330.0,,
2018/9/20,6388.4,,
2018/9/21,6492.98,,
2018/9/22,6748.85,,
2018/9/23,6710.01,,
2018/9/24,6703.37,,
2018/9/25,6578.7,,
2018/9/26,6428.09,,
2018/9/27,6454.32,,
2018/9/28,6684.5,,
2018/9/29,6609.02,,
2018/9/30,6574.29,,
2018/10/1,6597.79,,
2018/10/2,6569.32,,
2018/10/3,6500.0,,
2018/10/4,6454.81,,
2018/10/5,6548.83,,
2018/10/6,6582.11,,
2018/10/7,6547.93,,
2018/10/8,6574.15,,
2018/10/9,6604.76,,
2018/10/10,6588.72,,
2018/10/11,6517.55,,
2018/10/12,6152.76,,
2018/10/13,6182.03,,
2018/10/14,6201.23,,
2018/10/15,6185.04,,
2018/10/16,6438.2,,
2018/10/17,6457.67,,
2018/10/18,6440.07,,
2018/10/19,6394.23,,
2018/10/20,6380.47,,
2018/10/21,6412.86,,
2018/10/22,6412.62,,
2018/10/23,6409.39,,
2018/10/24,6396.24,,
2018/10/25,6411.96,,
2018/10/26,6393.38,,
2018/10/27,6406.1,,
2018/10/28,6407.66,,
2018/10/29,6404.27,,
2018/10/30,6266.47,,
2018/10/31,6269.45,,
2018/11/1,6304.5,,
2018/11/2,6343.85,,
2018/11/3,6350.05,,
2018/11/4,6333.59,,
2018/11/5,6428.23,,
2018/11/6,6404.97,,
2018/11/7,6448.17,,
2018/11/8,6501.0,,
2018/11/9,6405.49,,
2018/11/10,6325.0,,
2018/11/11,6349.39,,
2018/11/12,6352.57,,
2018/11/13,6318.01,,
2018/11/14,6255.86,,
2018/11/15,5592.23,,
2018/11/16,5571.12,,
2018/11/17,5514.62,,
2018/11/18,5503.36,,
2018/11/19,5553.01,,
2018/11/20,4732.92,,
2018/11/21,4349.41,,
2018/11/22,4551.47,,
2018/11/23,4268.4,,
2018/11/24,4288.25,,
2018/11/25,3780.67,,
2018/11/26,3934.22,,
2018/11/27,3727.34,,
2018/11/28,3771.01,,
2018/11/29,4219.77,,
2018/11/30,4250.0,,
2018/12/1,3970.56,,
2018/12/2,4140.4,,
2018/12/3,4099.63,,
2018/12/4,3830.81,,
2018/12/5,3903.52,,
2018/12/6,3694.03,,
2018/12/7,3437.22,,
2018/12/8,3376.27,,
2018/12/9,3398.8,,
2018/12/10,3528.68,,
2018/12/11,3406.41,,
2018/12/12,3345.01,,
2018/12/13,3430.2,,
2018/12/14,3263.55,,
2018/12/15,3194.04,,
2018/12/16,3180.84,,
2018/12/17,3191.41,,
2018/12/18,3499.37,,
2018/12/19,3667.16,,
2018/12/20,3684.03,,
2018/12/21,4073.58,,
2018/12/22,3842.59,,
2018/12/23,3977.65,,
2018/12/24,3947.82,,
2018/12/25,4034.54,,
2018/12/26,3780.0,,
2018/12/27,3810.01,,
2018/12/28,3590.26,,
2018/12/29,3884.66,,
2018/12/30,3728.96,,
2018/12/31,3831.03,,
2019/1/1,3693.85,,
2019/1/2,3825.41,,
2019/1/3,3890.27,,
2019/1/4,3785.64,,
2019/1/5,3822.0,,
2019/1/6,3795.38,,
2019/1/7,4040.71,,
2019/1/8,4005.0,,
2019/1/9,3994.75,,
2019/1/10,4003.09,,
2019/1/11,3627.65,,
2019/1/12,3631.0,,
2019/1/13,3617.75,,
2019/1/14,3517.03,,
2019/1/15,3664.28,,
2019/1/16,3576.92,,
2019/1/17,3609.5,,
2019/1/18,3638.01,,
2019/1/19,3609.29,,
2019/1/20,3680.0,,
2019/1/21,3537.42,,
2019/1/22,3531.51,,
2019/1/23,3574.44,,
2019/1/24,3553.2,,
2019/1/25,3570.67,,
2019/1/26,3560.94,,
2019/1/27,3555.31,,
2019/1/28,3532.23,,
2019/1/29,3431.43,,
2019/1/30,3391.25,,
2019/1/31,3438.0,,
2019/2/1,3413.69,,
2019/2/2,3434.83,,
2019/2/3,3470.5,,
2019/2/4,3413.75,,
2019/2/5,3409.81,,
2019/2/6,3431.81,,
2019/2/7,3364.0,,
2019/2/8,3358.39,,
2019/2/9,3626.12,,
2019/2/10,3622.74,,
2019/2/11,3651.32,,
2019/2/12,3588.99,,
2019/2/13,3585.7,,
2019/2/14,3575.01,,
2019/2/15,3560.45,,
2019/2/16,3566.29,,
2019/2/17,3580.43,,
2019/2/18,3625.6,,
2019/2/19,3870.97,,
2019/2/20,3889.92,,
2019/2/21,3936.8,,
2019/2/22,3900.64,,
2019/2/23,3939.83,,
2019/2/24,4113.56,,
2019/2/25,3733.78,,
2019/2/26,3817.93,,
2019/2/27,3794.42,,
2019/2/28,3796.49,,
2019/3/1,3791.02,,
2019/3/2,3805.0,,
2019/3/3,3810.47,,
2019/3/4,3789.7,,
2019/3/5,3698.65,,
2019/3/6,3844.07,,
2019/3/7,3851.26,,
2019/3/8,3856.78,,
2019/3/9,3841.27,,
2019/3/10,3916.42,,
2019/3/11,3898.14,,
2019/3/12,3848.86,,
2019/3/13,3861.37,,
2019/3/14,3848.1,,
2019/3/15,3857.33,,
2019/3/16,3899.19,,
2019/3/17,3990.0,,
2019/3/18,3965.63,,
2019/3/19,3969.94,,
2019/3/20,3999.5,,
2019/3/21,4033.7,,
2019/3/22,3974.5,,
2019/3/23,3980.4,,
2019/3/24,3979.19,,
2019/3/25,3970.23,,
2019/3/26,3910.0,,
2019/3/27,3922.58,,
2019/3/28,4025.5,,
2019/3/29,4011.0,,
2019/3/30,4090.0,,
2019/3/31,4094.92,,
2019/4/1,4092.02,,
2019/4/2,4133.93,,
2019/4/3,4899.01,,
2019/4/4,4972.83,,
2019/4/5,4911.14,,
2019/4/6,5041.0,,
2019/4/7,5041.92,,
2019/4/8,5192.92,,
2019/4/9,5287.97,,
2019/4/10,5184.03,,
2019/4/11,5323.47,,
2019/4/12,5037.82,,
2019/4/13,5075.74,,
2019/4/14,5064.0,,
2019/4/15,5160.54,,
2019/4/16,5027.33,,
2019/4/17,5201.47,,
2019/4/18,5227.6,,
2019/4/19,5283.0,,
2019/4/20,5289.91,,
2019/4/21,5318.94,,
2019/4/22,5295.96,,
2019/4/23,5388.22,,
2019/4/24,5531.29,,
2019/4/25,5440.95,,
2019/4/26,5132.5,,
2019/4/27,5154.11,,
2019/4/28,5171.51,,
2019/4/29,5152.98,,
2019/4/30,5150.21,,
2019/5/1,5267.86,,
2019/5/2,5322.28,,
2019/5/3,5385.0,,
2019/5/4,5659.82,,
2019/5/5,5766.46,,
2019/5/6,5714.4,,
2019/5/7,5686.88,,
2019/5/8,5751.54,,
2019/5/9,5945.32,,
2019/5/10,6151.66,,
2019/5/11,6338.93,,
2019/5/12,7214.4,,
2019/5/13,6968.84,,
2019/5/14,7810.72,,
2019/5/15,7991.72,,
2019/5/16,8203.97,,
2019/5/17,7879.28,,
2019/5/18,7352.39,,
2019/5/19,7257.82,,
2019/5/20,8193.45,,
2019/5/21,8007.67,,
2019/5/22,7949.18,,
2019/5/23,7622.9,,
2019/5/24,7880.4,,
2019/5/25,7999.02,,
2019/5/26,8066.15,,
2019/5/27,8733.27,,
2019/5/28,8774.45,,
2019/5/29,8715.35,,
2019/5/30,8663.07,,
2019/5/31,8277.76,,
2019/6/1,8545.8,,
2019/6/2,8560.1,,
2019/6/3,8735.84,,
2019/6/4,8103.63,,
2019/6/5,7673.41,,
2019/6/6,7784.62,,
2019/6/7,7801.97,,
2019/6/8,8002.68,,
2019/6/9,7933.17,,
2019/6/10,7629.98,,
2019/6/11,8017.99,,
2019/6/12,7915.7,,
2019/6/13,8171.12,,
2019/6/14,8235.44,,
2019/6/15,8694.74,,
2019/6/16,8857.19,,
2019/6/17,8973.02,,
2019/6/18,9333.48,,
2019/6/19,9076.51,,
2019/6/20,9280.17,,
2019/6/21,9534.99,,
2019/6/22,10222.13,,
2019/6/23,10665.66,,
2019/6/24,10827.23,,
2019/6/25,11030.0,,
2019/6/26,11760.0,,
2019/6/27,12927.44,,
2019/6/28,11153.73,,
2019/6/29,12354.45,,
2019/6/30,11867.35,,
2019/7/1,10759.24,,
2019/7/2,10581.78,,
2019/7/3,10830.1,,
2019/7/4,11970.0,,
2019/7/5,11144.82,,
2019/7/6,10996.82,,
2019/7/7,11233.21,,
2019/7/8,11478.43,,
2019/7/9,12299.94,,
2019/7/10,12574.88,,
2019/7/11,12101.44,,
2019/7/12,11352.74,,
2019/7/13,11811.08,,
2019/7/14,11382.03,,
2019/7/15,10191.87,,
2019/7/16,10848.27,,
2019/7/17,9427.45,,
2019/7/18,9712.15,,
2019/7/19,10638.44,,
2019/7/20,10533.71,,
2019/7/21,10757.15,,
2019/7/22,10605.03,,
2019/7/23,10315.87,,
2019/7/24,9841.42,,
2019/7/25,9781.52,,
2019/7/26,9886.08,,
2019/7/27,9846.94,,
2019/7/28,9467.84,,
2019/7/29,9538.73,,
2019/7/30,9508.21,,
2019/7/31,9592.26,,
2019/8/1,10096.01,,
2019/8/2,10416.79,,
2019/8/3,10529.51,,
2019/8/4,10812.58,,
2019/8/5,10986.55,,
2019/8/6,11800.0,,
2019/8/7,11471.58,,
2019/8/8,11973.46,,
2019/8/9,11985.6,,
2019/8/10,11859.32,,
2019/8/11,11273.03,,
2019/8/12,11527.44,,
2019/8/13,11380.61,,
2019/8/14,10862.25,,
2019/8/15,10022.5,,
2019/8/16,10294.9,,
2019/8/17,10351.18,,
2019/8/18,10221.94,,
2019/8/19,10318.99,,
2019/8/20,10927.3,,
2019/8/21,10778.75,,
2019/8/22,10123.56,,
2019/8/23,10112.45,,
2019/8/24,10401.87,,
2019/8/25,10149.38,,
2019/8/26,10136.75,,
2019/8/27,10355.11,,
2019/8/28,10171.39,,
2019/8/29,9720.2,,
2019/8/30,9490.56,,
2019/8/31,9569.3,,
2019/9/1,9593.5,,
2019/9/2,9767.56,,
2019/9/3,10384.07,,
2019/9/4,10617.72,,
2019/9/5,10586.26,,
2019/9/6,10573.04,,
2019/9/7,10309.04,,
2019/9/8,10497.57,,
2019/9/9,10387.33,,
2019/9/10,10317.62,,
2019/9/11,10093.39,,
2019/9/12,10163.81,,
2019/9/13,10423.99,,
2019/9/14,10365.81,,
2019/9/15,10362.52,,
2019/9/16,10320.36,,
2019/9/17,10257.2,,
2019/9/18,10182.96,,
2019/9/19,10161.59,,
2019/9/20,10284.72,,
2019/9/21,10169.02,,
2019/9/22,9973.0,,
2019/9/23,10022.38,,
2019/9/24,9685.69,,
2019/9/25,8536.71,,
2019/9/26,8443.44,,
2019/9/27,8055.25,,
2019/9/28,8199.96,,
2019/9/29,8218.07,,
2019/9/30,8060.13,,
2019/10/1,8304.47,,
2019/10/2,8326.41,,
2019/10/3,8377.68,,
2019/10/4,8243.39,,
2019/10/5,8157.89,,
2019/10/6,8150.73,,
2019/10/7,7863.75,,
2019/10/8,8211.04,,
2019/10/9,8185.85,,
2019/10/10,8586.57,,
2019/10/11,8589.08,,
2019/10/12,8265.16,,
2019/10/13,8303.43,,
2019/10/14,8278.39,,
2019/10/15,8353.33,,
2019/10/16,8162.45,,
2019/10/17,7995.73,,
2019/10/18,8069.26,,
2019/10/19,7950.48,,
2019/10/20,7965.39,,
2019/10/21,8236.49,,
2019/10/22,8206.53,,
2019/10/23,8021.57,,
2019/10/24,7470.77,,
2019/10/25,7427.0,,
2019/10/26,8677.09,,
2019/10/27,9262.72,,
2019/10/28,9547.32,,
2019/10/29,9216.39,,
2019/10/30,9426.94,,
2019/10/31,9169.55,,
2019/11/1,9158.08,,
2019/11/2,9250.7,,
2019/11/3,9304.75,,
2019/11/4,9207.0,,
2019/11/5,9410.76,,
2019/11/6,9319.1,,
2019/11/7,9346.02,,
2019/11/8,9209.3,,
2019/11/9,8760.38,,
2019/11/10,8806.85,,
2019/11/11,9029.88,,
2019/11/12,8720.36,,
2019/11/13,8817.0,,
2019/11/14,8765.53,,
2019/11/15,8632.07,,
2019/11/16,8459.38,,
2019/11/17,8485.61,,
2019/11/18,8499.53,,
2019/11/19,8176.9,,
2019/11/20,8124.08,,
2019/11/21,8085.54,,
2019/11/22,7612.23,,
2019/11/23,7276.21,,
2019/11/24,7330.98,,
2019/11/25,6900.9,,
2019/11/26,7127.12,,
2019/11/27,7168.74,,
2019/11/28,7517.82,,
2019/11/29,7429.32,,
2019/11/30,7753.69,,
2019/12/1,7560.2,,
2019/12/2,7411.75,,
2019/12/3,7317.94,,
2019/12/4,7299.2,,
2019/12/5,7199.58,,
2019/12/6,7397.35,,
2019/12/7,7535.46,,
2019/12/8,7505.86,,
2019/12/9,7516.8,,
2019/12/10,7332.05,,
2019/12/11,7224.5,,
2019/12/12,7208.95,,
2019/12/13,7185.15,,
2019/12/14,7255.94,,
2019/12/15,7066.35,,
2019/12/16,7115.08,,
2019/12/17,6882.08,,
2019/12/18,6619.53,,
2019/12/19,7286.91,,
2019/12/20,7157.53,,
2019/12/21,7194.13,,
2019/12/22,7147.4,,
2019/12/23,7521.88,,
2019/12/24,7317.47,,
2019/12/25,7247.45,,
2019/12/26,7195.8,,
2019/12/27,7195.17,,
2019/12/28,7247.7,,
2019/12/29,7297.43,,
2019/12/30,7372.79,,
2019/12/31,7222.74,,
2020/1/1,7160.69,,
2020/1/2,7174.7,,
2020/1/3,6945.7,,
2020/1/4,7332.58,,
2020/1/5,7356.05,,
2020/1/6,7352.12,,
2020/1/7,7768.17,,
2020/1/8,8151.79,,
2020/1/9,8048.94,,
2020/1/10,7812.7,,
2020/1/11,8200.0,,
2020/1/12,8008.1,,
2020/1/13,8180.75,,
2020/1/14,8105.01,,
2020/1/15,8813.2,,
2020/1/16,8810.62,,
2020/1/17,8715.39,,
2020/1/18,8898.03,,
2020/1/19,8901.02,,
2020/1/20,8698.97,,
2020/1/21,8629.66,,
2020/1/22,8728.47,,
2020/1/23,8661.63,,
2020/1/24,8382.08,,
2020/1/25,8435.83,,
2020/1/26,8320.0,,
2020/1/27,8600.0,,
2020/1/28,8894.57,,
2020/1/29,9386.57,,
2020/1/30,9280.83,,
2020/1/31,9510.84,,
2020/2/1,9339.26,,
2020/2/2,9379.6,,
2020/2/3,9309.69,,
2020/2/4,9281.0,,
2020/2/5,9168.49,,
2020/2/6,9617.84,,
2020/2/7,9754.63,,
2020/2/8,9803.71,,
2020/2/9,9907.7,,
2020/2/10,10173.51,,
2020/2/11,9851.99,,
2020/2/12,10270.98,,
2020/2/13,10348.78,,
2020/2/14,10229.19,,
2020/2/15,10364.04,,
2020/2/16,9909.71,,
2020/2/17,9925.96,,
2020/2/18,9725.57,,
2020/2/19,10190.3,,
2020/2/20,9589.1,,
2020/2/21,9610.4,,
2020/2/22,9696.13,,
2020/2/23,9664.08,,
2020/2/24,9969.79,,
2020/2/25,9664.87,,
2020/2/26,9305.4,,
2020/2/27,8778.37,,
2020/2/28,8816.5,,
2020/2/29,8710.0,,
2020/3/1,8525.0,,
2020/3/2,8516.0,,
2020/3/3,8917.34,,
2020/3/4,8755.45,,
2020/3/5,8757.79,,
2020/3/6,9059.0,,
2020/3/7,9154.1,,
2020/3/8,8901.12,,
2020/3/9,8035.79,,
2020/3/10,7937.2,,
2020/3/11,7893.63,,
2020/3/12,7956.29,,
2020/3/13,4841.67,,
2020/3/14,5623.16,,
2020/3/15,5167.38,,
2020/3/16,5353.04,,
2020/3/17,5051.41,,
2020/3/18,5340.95,,
2020/3/19,5413.0,,
2020/3/20,6192.94,,
2020/3/21,6207.66,,
2020/3/22,6199.17,,
2020/3/23,5816.57,,
2020/3/24,6494.7,,
2020/3/25,6768.64,,
2020/3/26,6695.47,,
2020/3/27,6765.15,,
2020/3/28,6376.03,,
2020/3/29,6275.11,,
2020/3/30,5878.47,,
2020/3/31,6408.95,,
2020/4/1,6428.74,,
2020/4/2,6669.95,,
2020/4/3,6789.63,,
2020/4/4,6737.36,,
2020/4/5,6887.22,,
2020/4/6,6780.57,,
2020/4/7,7335.85,,
2020/4/8,7204.78,,
2020/4/9,7370.85,,
2020/4/10,7299.12,,
2020/4/11,6866.03,,
2020/4/12,6882.75,,
2020/4/13,6908.21,,
2020/4/14,6864.66,,
2020/4/15,6868.88,,
2020/4/16,6619.0,,
2020/4/17,7121.35,,
2020/4/18,7020.13,,
2020/4/19,7265.94,,
2020/4/20,7124.27,,
2020/4/21,6833.0,,
2020/4/22,6850.6,,
2020/4/23,7138.29,,
2020/4/24,7494.2,,
2020/4/25,7518.81,,
2020/4/26,7565.0,,
2020/4/27,7708.87,,
2020/4/28,7794.22,,
2020/4/29,7762.07,,
2020/4/30,8789.79,,
2020/5/1,8629.72,,
2020/5/2,8836.0,,
2020/5/3,8982.56,,
2020/5/4,8924.14,,
2020/5/5,8889.24,,
2020/5/6,9040.0,,
2020/5/7,9163.63,,
2020/5/8,10008.19,,
2020/5/9,9809.04,,
2020/5/10,9527.31,,
2020/5/11,8740.88,,
2020/5/12,8574.19,,
2020/5/13,8816.99,,
2020/5/14,9323.73,,
2020/5/15,9809.91,,
2020/5/16,9307.43,,
2020/5/17,9377.79,,
2020/5/18,9672.95,,
2020/5/19,9730.0,,
2020/5/20,9776.3,,
2020/5/21,9505.61,,
2020/5/22,9062.25,,
2020/5/23,9171.96,,
2020/5/24,9183.93,,
2020/5/25,8710.12,,
2020/5/26,8903.22,,
2020/5/27,8835.79,,
2020/5/28,9209.99,,
2020/5/29,9581.49,,
2020/5/30,9428.52,,
2020/5/31,9705.1,,
2020/6/1,9444.61,,
2020/6/2,10203.64,,
2020/6/3,9522.52,,
2020/6/4,9668.0,,
2020/6/5,9791.0,,
2020/6/6,9616.17,,
2020/6/7,9673.08,,
2020/6/8,9759.04,,
2020/6/9,9786.64,,
2020/6/10,9782.3,,
2020/6/11,9894.32,,
2020/6/12,9265.95,,
2020/6/13,9465.92,,
2020/6/14,9478.93,,
2020/6/15,9329.99,,
2020/6/16,9435.41,,
2020/6/17,9530.62,,
2020/6/18,9459.82,,
2020/6/19,9374.83,,
2020/6/20,9287.6,,
2020/6/21,9355.93,,
2020/6/22,9287.89,,
2020/6/23,9688.26,,
2020/6/24,9617.88,,
2020/6/25,9286.3,,
2020/6/26,9237.98,,
2020/6/27,9158.13,,
2020/6/28,9008.33,,
2020/6/29,9118.8,,
2020/6/30,9187.85,,
2020/7/1,9136.89,,
2020/7/2,9230.97,,
2020/7/3,9091.68,,
2020/7/4,9053.87,,
2020/7/5,9142.16,,
2020/7/6,9077.18,,
2020/7/7,9346.9,,
2020/7/8,9257.21,,
2020/7/9,9441.76,,
2020/7/10,9234.91,,
2020/7/11,9291.0,,
2020/7/12,9234.07,,
2020/7/13,9304.94,,
2020/7/14,9234.19,,
2020/7/15,9256.33,,
2020/7/16,9191.0,,
2020/7/17,9134.44,,
2020/7/18,9150.51,,
2020/7/19,9175.7,,
2020/7/20,9213.15,,
2020/7/21,9161.77,,
2020/7/22,9395.98,,
2020/7/23,9537.23,,
2020/7/24,9614.85,,
2020/7/25,9549.34,,
2020/7/26,9712.45,,
2020/7/27,9941.25,,
2020/7/28,11049.4,,
2020/7/29,10931.91,,
2020/7/30,11105.01,,
2020/7/31,11110.84,,
2020/8/1,11357.98,,
2020/8/2,11808.21,,
2020/8/3,11074.92,,
2020/8/4,11236.39,,
2020/8/5,11193.48,,
2020/8/6,11759.9,,
2020/8/7,11770.26,,
2020/8/8,11601.75,,
2020/8/9,11767.93,,
2020/8/10,11684.6,,
2020/8/11,11896.37,,
2020/8/12,11386.5,,
2020/8/13,11567.74,,
2020/8/14,11797.55,,
2020/8/15,11771.97,,
2020/8/16,11858.6,,
2020/8/17,11916.83,,
2020/8/18,12301.27,,
2020/8/19,11950.0,,
2020/8/20,11762.18,,
2020/8/21,11857.18,,
2020/8/22,11527.81,,
2020/8/23,11678.17,,
2020/8/24,11653.7,,
2020/8/25,11750.4,,
2020/8/26,11328.5,,
2020/8/27,11462.91,,
2020/8/28,11332.26,,
2020/8/29,11538.74,,
2020/8/30,11471.71,,
2020/8/31,11713.11,,
2020/9/1,11658.48,,
2020/9/2,11919.53,,
2020/9/3,11395.1,,
2020/9/4,10160.0,,
2020/9/5,10460.2,,
2020/9/6,10165.47,,
2020/9/7,10258.43,,
2020/9/8,10377.5,,
2020/9/9,10126.01,,
2020/9/10,10221.76,,
2020/9/11,10341.38,,
2020/9/12,10400.46,,
2020/9/13,10446.4,,
2020/9/14,10338.82,,
2020/9/15,10671.4,,
2020/9/16,10785.0,,
2020/9/17,10950.15,,
2020/9/18,10947.35,,
2020/9/19,10935.49,,
2020/9/20,11070.84,,
2020/9/21,10921.53,,
2020/9/22,10418.83,,
2020/9/23,10525.72,,
2020/9/24,10236.86,,
2020/9/25,10738.46,,
2020/9/26,10694.23,,
2020/9/27,10731.09,,
2020/9/28,10779.99,,
2020/9/29,10681.41,,
2020/9/30,10840.0,,
2020/10/1,10780.83,,
2020/10/2,10611.17,,
2020/10/3,10571.6,,
2020/10/4,10543.17,,
2020/10/5,10666.16,,
2020/10/6,10797.36,,
2020/10/7,10602.31,,
2020/10/8,10669.1,,
2020/10/9,10927.02,,
2020/10/10,11060.46,,
2020/10/11,11300.97,,
2020/10/12,11372.48,,
2020/10/13,11539.42,,
2020/10/14,11440.28,,
2020/10/15,11430.49,,
2020/10/16,11506.53,,
2020/10/17,11331.88,,
2020/10/18,11363.4,,
2020/10/19,11518.58,,
2020/10/20,11759.2,,
2020/10/21,11921.33,,
2020/10/22,12802.63,,
2020/10/23,12983.26,,
2020/10/24,12940.03,,
2020/10/25,13115.18,,
2020/10/26,13041.12,,
2020/10/27,13065.1,,
2020/10/28,13642.31,,
2020/10/29,13275.82,,
2020/10/30,13456.14,,
2020/10/31,13569.42,,
2020/11/1,13799.44,,
2020/11/2,13762.0,,
2020/11/3,13578.82,,
2020/11/4,14041.58,,
2020/11/5,14168.49,,
2020/11/6,15608.32,,
2020/11/7,15603.28,,
2020/11/8,14829.32,,
2020/11/9,15484.68,,
2020/11/10,15349.32,,
2020/11/11,15314.94,,
2020/11/12,15702.0,,
2020/11/13,16300.0,,
2020/11/14,16339.06,,
2020/11/15,16092.8,,
2020/11/16,15975.49,,
2020/11/17,16727.85,,
2020/11/18,17681.77,,
2020/11/19,17792.96,,
2020/11/20,17822.37,,
2020/11/21,18685.08,,
2020/11/22,18726.43,,
2020/11/23,18432.6,,
2020/11/24,18386.92,,
2020/11/25,19175.13,,
2020/11/26,18727.24,,
2020/11/27,17168.31,,
2020/11/28,17160.38,,
2020/11/29,17724.41,,
2020/11/30,18196.75,,
2020/12/1,19703.53,,
2020/12/2,18773.21,,
2020/12/3,19220.09,,
2020/12/4,19439.94,,
2020/12/5,18650.08,,
2020/12/6,19162.17,,
2020/12/7,19385.13,,
2020/12/8,19183.13,,
2020/12/9,18311.31,,
2020/12/10,18546.38,,
2020/12/11,18250.3,,
2020/12/12,18031.23,,
2020/12/13,18806.83,,
2020/12/14,19151.82,,
2020/12/15,19274.33,,
2020/12/16,19434.55,,
2020/12/17,21358.96,,
2020/12/18,22829.89,,
2020/12/19,23142.05,,
2020/12/20,23842.38,,
2020/12/21,23470.85,,
2020/12/22,22750.07,,
2020/12/23,23819.08,,
2020/12/24,23215.0,,
2020/12/25,23747.22,,
2020/12/26,24714.01,,
2020/12/27,26472.89,,
2020/12/28,26242.82,,
2020/12/29,27037.9,,
2020/12/30,27370.0,,
2020/12/31,28893.21,,
2021/1/1,28999.63,,
2021/1/2,29410.77,,
2021/1/3,32216.51,,
2021/1/4,33068.83,,
2021/1/5,32054.23,,
2021/1/6,34081.24,,
2021/1/7,36875.96,,
2021/1/8,39510.59,,
2021/1/9,40682.76,,
2021/1/10,40239.06,,
2021/1/11,38164.88,,
2021/1/12,35449.71,,
2021/1/13,34035.02,,
2021/1/14,37393.49,,
2021/1/15,39147.98,,
2021/1/16,36778.66,,
2021/1/17,36013.51,,
2021/1/18,35826.36,,
2021/1/19,36665.82,,
2021/1/20,35888.13,,
2021/1/21,35516.17,,
2021/1/22,30817.86,,
2021/1/23,32989.1,,
2021/1/24,32098.38,,
2021/1/25,32289.06,,
2021/1/26,32264.15,,
2021/1/27,32521.65,,
2021/1/28,30427.34,,
2021/1/29,33488.66,,
2021/1/30,34265.71,,
2021/1/31,34300.19,,
2021/2/1,33110.32,,
2021/2/2,33497.16,,
2021/2/3,35496.91,,
2021/2/4,37693.0,,
2021/2/5,36984.28,,
2021/2/6,38320.0,,
2021/2/7,39274.8,,
2021/2/8,38870.36,,
2021/2/9,46445.51,,
2021/2/10,46493.9,,
2021/2/11,44854.63,,
2021/2/12,48044.88,,
2021/2/13,47424.25,,
2021/2/14,47258.66,,
2021/2/15,48620.48,,
2021/2/16,47954.05,,
2021/2/17,49136.7,,
2021/2/18,52141.23,,
2021/2/19,51560.46,,
2021/2/20,56000.59,,
2021/2/21,55919.75,,
2021/2/22,57485.74,,
2021/2/23,54173.64,,
2021/2/24,48927.33,,
2021/2/25,49715.13,,
2021/2/26,47070.18,,
2021/2/27,46324.15,,
2021/2/28,46142.1,,
2021/3/1,45261.56,,
2021/3/2,49641.89,,
2021/3/3,48438.0,,
2021/3/4,50376.05,,
2021/3/5,48353.09,,
2021/3/6,48774.67,,
2021/3/7,48933.12,,
2021/3/8,50952.55,,
2021/3/9,52427.8,,
2021/3/10,54927.29,,
2021/3/11,55918.09,,
2021/3/12,57847.92,,
2021/3/13,57297.67,,
2021/3/14,61177.03,,
2021/3/15,58956.9,,
2021/3/16,55616.42,,
2021/3/17,56928.38,,
2021/3/18,58939.73,,
2021/3/19,57648.01,,
2021/3/20,58029.94,,
2021/3/21,58072.87,,
2021/3/22,57410.54,,
2021/3/23,54117.71,,
2021/3/24,54360.07,,
2021/3/25,52281.77,,
2021/3/26,51292.65,,
2021/3/27,55081.26,,
2021/3/28,55817.85,,
2021/3/29,55790.28,,
2021/3/30,57623.66,,
2021/3/31,58767.75,,
2021/4/1,58789.96,,
2021/4/2,58744.0,,
2021/4/3,58967.61,,
2021/4/4,57064.13,,
2021/4/5,58213.69,,
2021/4/6,59135.36,,
2021/4/7,58024.9,,
2021/4/8,55912.38,,
2021/4/9,58066.18,,
2021/4/10,58129.02,,
2021/4/11,59773.19,,
2021/4/12,59972.26,,
2021/4/13,59814.87,,
2021/4/14,63605.69,,
2021/4/15,62954.2,,
2021/4/16,63247.24,,
2021/4/17,61436.23,,
2021/4/18,60048.82,,
2021/4/19,56260.83,,
2021/4/20,55694.55,,
2021/4/21,56493.02,,
2021/4/22,53823.48,,
2021/4/23,51693.98,,
2021/4/24,51177.77,,
2021/4/25,50126.34,,
2021/4/26,49122.75,,
2021/4/27,54015.32,,
2021/4/28,55094.73,,
2021/4/29,54898.45,,
2021/4/30,53585.93,,
2021/5/1,57790.66,,
2021/5/2,57893.01,,
2021/5/3,56599.91,,
2021/5/4,57227.64,,
2021/5/5,53221.75,,
2021/5/6,57517.08,,
2021/5/7,56425.82,,
2021/5/8,57371.02,,
2021/5/9,58964.89,,
2021/5/10,58336.16,,
2021/5/11,55854.43,,
2021/5/12,56763.7,,
2021/5/13,49419.44,,
2021/5/14,49711.64,,
2021/5/15,49883.89,,
2021/5/16,46753.4,,
2021/5/17,46446.42,,
2021/5/18,43581.27,,
2021/5/19,42900.85,,
2021/5/20,36793.39,,
2021/5/21,40566.13,,
2021/5/22,37318.43,,
2021/5/23,37474.34,,
2021/5/24,34735.35,,
2021/5/25,38848.36,,
2021/5/26,38385.87,,
2021/5/27,39299.46,,
2021/5/28,38578.5,,
2021/5/29,35691.36,,
2021/5/30,34644.09,,
2021/5/31,35675.3,,
2021/6/1,37279.89,,
2021/6/2,36693.3,,
2021/6/3,37585.12,,
2021/6/4,39242.94,,
2021/6/5,36851.58,,
2021/6/6,35532.59,,
2021/6/7,35810.69,,
2021/6/8,33567.51,,
2021/6/9,33413.19,,
2021/6/10,37414.64,,
2021/6/11,36724.97,,
2021/6/12,37338.91,,
2021/6/13,35563.66,,
2021/6/14,39035.52,,
2021/6/15,40544.19,,
2021/6/16,40166.93,,
2021/6/17,38361.38,,
2021/6/18,38110.25,,
2021/6/19,35849.18,,
2021/6/20,35494.7,,
2021/6/21,35598.66,,
2021/6/22,31628.83,,
2021/6/23,32547.57,,
2021/6/24,33693.99,,
2021/6/25,34652.68,,
2021/6/26,31595.95,,
2021/6/27,32293.98,,
2021/6/28,34716.02,,
2021/6/29,34494.42,,
2021/6/30,35900.05,,
2021/7/1,35059.71,,
2021/7/2,33537.11,,
2021/7/3,33810.46,,
2021/7/4,34672.08,,
2021/7/5,35255.0,,
2021/7/6,33730.76,,
2021/7/7,34231.95,,
2021/7/8,33858.33,,
2021/7/9,32892.94,,
2021/7/10,33830.73,,
2021/7/11,33521.48,,
2021/7/12,34266.84,,
2021/7/13,33091.53,,
2021/7/14,32737.56,,
2021/7/15,32818.68,,
2021/7/16,31885.7,,
2021/7/17,31376.3,,
2021/7/18,31509.33,,
2021/7/19,31794.49,,
2021/7/20,30822.08,,
2021/7/21,29792.99,,
2021/7/22,32115.82,,
2021/7/23,32306.98,,
2021/7/24,33685.0,,
2021/7/25,34301.86,,
2021/7/26,35438.93,,
2021/7/27,37271.44,,
2021/7/28,39446.94,,
2021/7/29,40024.8,,
2021/7/30,40045.21,,
2021/7/31,42236.72,,
2021/8/1,41489.16,,
2021/8/2,39875.2,,
2021/8/3,39157.52,,
2021/8/4,38173.75,,
2021/8/5,39742.77,,
2021/8/6,40893.77,,
2021/8/7,42857.09,,
2021/8/8,44624.4,,
2021/8/9,43836.05,,
2021/8/10,46282.3,,
2021/8/11,45596.21,,
2021/8/12,45536.8,,
2021/8/13,44413.35,,
2021/8/14,47855.0,,
2021/8/15,47130.97,,
2021/8/16,47024.96,,
2021/8/17,45930.48,,
2021/8/18,44631.47,,
2021/8/19,44734.16,,
2021/8/20,46759.29,,
2021/8/21,49332.31,,
2021/8/22,48883.84,,
2021/8/23,49296.71,,
2021/8/24,49516.08,,
2021/8/25,47670.8,,
2021/8/26,49022.39,,
2021/8/27,46857.86,,
2021/8/28,49100.49,,
2021/8/29,48947.1,,
2021/8/30,48782.56,,
2021/8/31,46969.05,,
2021/9/1,47118.02,,
2021/9/2,48830.93,,
2021/9/3,49284.93,,
2021/9/4,50033.5,,
2021/9/5,49965.32,,
2021/9/6,51809.28,,
2021/9/7,52719.43,,
2021/9/8,46894.3,,
2021/9/9,46070.43,,
2021/9/10,46368.11,,
2021/9/11,44858.2,,
2021/9/12,45162.96,,
2021/9/13,46039.42,,
2021/9/14,44983.77,,
2021/9/15,47123.81,,
2021/9/16,48188.12,,
2021/9/17,47773.44,,
2021/9/18,47316.21,,
2021/9/19,48307.05,,
2021/9/20,47257.86,,
2021/9/21,43003.07,,
2021/9/22,40702.07,,
2021/9/23,43586.0,,
2021/9/24,44893.7,,
2021/9/25,42835.88,,
2021/9/26,42699.1,,
2021/9/27,43162.82,,
2021/9/28,42154.87,,
2021/9/29,41024.21,,
2021/9/30,41537.56,,
2021/10/1,43835.47,,
2021/10/2,48185.61,,
2021/10/3,47644.63,,
2021/10/4,48231.04,,
2021/10/5,49283.89,,
2021/10/6,51521.89,,
2021/10/7,55360.1,,
2021/10/8,53816.16,,
2021/10/9,53952.82,,
2021/10/10,54984.49,,
2021/10/11,54657.0,,
2021/10/12,57490.0,,
2021/10/13,56004.61,,
2021/10/14,57395.84,,
2021/10/15,57370.48,,
2021/10/16,61703.45,,
2021/10/17,60885.27,,
2021/10/18,61519.52,,
2021/10/19,62014.99,,
2021/10/20,64282.2,,
2021/10/21,66027.81,,
2021/10/22,62207.51,,
2021/10/23,60698.54,,
2021/10/24,61306.64,,
2021/10/25,60883.96,,
2021/10/26,63101.43,,
2021/10/27,60331.4,,
2021/10/28,58471.06,,
2021/10/29,60608.95,,
2021/10/30,62278.92,,
2021/10/31,61904.96,,
2021/11/1,61356.57,,
2021/11/2,60949.78,,
2021/11/3,63260.0,,
2021/11/4,62945.38,,
2021/11/5,61430.02,,
2021/11/6,61008.19,,
2021/11/7,61542.43,,
2021/11/8,63300.0,,
2021/11/9,67547.49,,
2021/11/10,66928.42,,
2021/11/11,64919.18,,
2021/11/12,64783.13,,
2021/11/13,64140.23,,
2021/11/14,64403.43,,
2021/11/15,65509.87,,
2021/11/16,63621.61,,
2021/11/17,60115.12,,
2021/11/18,60376.94,,
2021/11/19,56924.94,,
2021/11/20,58126.46,,
2021/11/21,59785.85,,
2021/11/22,58679.27,,
2021/11/23,56283.8,,
2021/11/24,57583.91,,
2021/11/25,57169.19,,
2021/11/26,59004.88,,
2021/11/27,53794.32,,
2021/11/28,54764.24,,
2021/11/29,57327.32,,
2021/11/30,57843.33,,
2021/12/1,57027.28,,
2021/12/2,57232.71,,
2021/12/3,56534.26,,
2021/12/4,53685.47,,
2021/12/5,49240.81,,
2021/12/6,49484.0,,
2021/12/7,50550.09,,
2021/12/8,50635.87,,
2021/12/9,50535.15,,
2021/12/10,47573.43,,
2021/12/11,47179.53,,
2021/12/12,49420.51,,
2021/12/13,50102.31,,
2021/12/14,46736.7,,
2021/12/15,48386.95,,
2021/12/16,48876.84,,
2021/12/17,47654.99,,
2021/12/18,46141.63,,
2021/12/19,46854.18,,
2021/12/20,46671.66,,
2021/12/21,46926.72,,
2021/12/22,48907.75,,
2021/12/23,48618.99,,
2021/12/24,50850.0,,
2021/12/25,50857.42,,
2021/12/26,50421.51,,
2021/12/27,50885.32,,
2021/12/28,50708.05,,
2021/12/29,47597.7,,
2021/12/30,46474.59,,
2021/12/31,47110.3,,
2022/1/1,46230.0,,
2022/1/2,47745.25,,
2022/1/3,47290.55,,
2022/1/4,46464.01,,
2022/1/5,45828.77,,
2022/1/6,43417.31,,
2022/1/7,43093.4,,
2022/1/8,41576.73,,
2022/1/9,41697.32,,
2022/1/10,41853.98,,
2022/1/11,41842.22,,
2022/1/12,42754.44,,
2022/1/13,43935.01,,
2022/1/14,42579.44,,
2022/1/15,43085.76,,
2022/1/16,43084.77,,
2022/1/17,43099.08,,
2022/1/18,42230.09,,
2022/1/19,42378.23,,
2022/1/20,41733.21,,
2022/1/21,40654.72,,
2022/1/22,36447.37,,
2022/1/23,35084.79,,
2022/1/24,36262.21,,
2022/1/25,36721.59,,
2022/1/26,37006.76,,
2022/1/27,36824.02,,
2022/1/28,37179.62,,
2022/1/29,37713.14,,
2022/1/30,38176.45,,
2022/1/31,37914.1,,
2022/2/1,38483.56,,
2022/2/2,38768.08,,
2022/2/3,36924.5,,
2022/2/4,37330.75,,
2022/2/5,41608.82,,
2022/2/6,41422.7,,
2022/2/7,42420.24,,
2022/2/8,43895.6,,
2022/2/9,44106.95,,
2022/2/10,44426.24,,
2022/2/11,43540.15,,
2022/2/12,42392.22,,
2022/2/13,42232.68,,
2022/2/14,42078.53,,
2022/2/15,42567.27,,
2022/2/16,44590.75,,
2022/2/17,43901.49,,
2022/2/18,40532.66,,
2022/2/19,40008.75,,
2022/2/20,40108.62,,
2022/2/21,38384.09,,
2022/2/22,37036.98,,
2022/2/23,38269.94,,
2022/2/24,37253.26,,
2022/2/25,38360.93,,
2022/2/26,39242.64,,
2022/2/27,39146.66,,
2022/2/28,37717.1,,
2022/3/1,43221.71,,
2022/3/2,44443.98,,
2022/3/3,43936.73,,
2022/3/4,42476.25,,
2022/3/5,39170.19,,
2022/3/6,39390.31,,
2022/3/7,38404.97,,
2022/3/8,38002.23,,
2022/3/9,38761.13,,
2022/3/10,41952.13,,
2022/3/11,39433.48,,
2022/3/12,38729.79,,
2022/3/13,38798.68,,
2022/3/14,37763.37,,
2022/3/15,39688.55,,
2022/3/16,39302.8,,
2022/3/17,41142.76,,
2022/3/18,40963.22,,
2022/3/19,41781.96,,
2022/3/20,42240.43,,
2022/3/21,41293.19,,
2022/3/22,41018.36,,
2022/3/23,42393.62,,
2022/3/24,42912.21,,
2022/3/25,44025.99,,
2022/3/26,44340.49,,
2022/3/27,44553.24,,
2022/3/28,46854.96,,
2022/3/29,47152.38,,
2022/3/30,47459.03,,
2022/3/31,47086.07,,
2022/4/1,45522.53,,
2022/4/2,46306.38,,
2022/4/3,45820.28,,
2022/4/4,46414.88,,
2022/4/5,46514.43,,
2022/4/6,45512.95,,
2022/4/7,43172.83,,
2022/4/8,43467.82,,
2022/4/9,42258.22,,
2022/4/10,42774.85,,
2022/4/11,42159.45,,
2022/4/12,39545.37,,
2022/4/13,40099.51,,
2022/4/14,41159.29,,
2022/4/15,39962.6,,
2022/4/16,40576.41,,
2022/4/17,40379.81,,
2022/4/18,39660.62,,
2022/4/19,40814.6,,
2022/4/20,41476.89,,
2022/4/21,41378.77,,
2022/4/22,40497.0,,
2022/4/23,39700.55,,
2022/4/24,39438.51,,
2022/4/25,39464.67,,
2022/4/26,40452.52,,
2022/4/27,38105.68,,
2022/4/28,39254.4,,
2022/4/29,39753.28,,
2022/4/30,38599.3,,
2022/5/1,37638.78,,
2022/5/2,38484.46,,
2022/5/3,38506.38,,
2022/5/4,37735.35,,
2022/5/5,39685.23,,
2022/5/6,36542.41,,
2022/5/7,36019.15,,
2022/5/8,35465.46,,
2022/5/9,34051.2,,
2022/5/10,30066.48,,
2022/5/11,31002.27,,
2022/5/12,28999.99,,
2022/5/13,28932.69,,
2022/5/14,29239.41,,
2022/5/15,30041.16,,
2022/5/16,31275.27,,
2022/5/17,29847.53,,
2022/5/18,30423.9,,
2022/5/19,28681.15,,
2022/5/20,30271.22,,
2022/5/21,29176.7,,
2022/5/22,29400.34,,
2022/5/23,30264.66,,
2022/5/24,29081.76,,
2022/5/25,29626.53,,
2022/5/26,29511.95,,
2022/5/27,29183.39,,
2022/5/28,28606.08,,
2022/5/29,29010.82,,
2022/5/30,29454.69,,
2022/5/31,31677.13,,
2022/6/1,31777.06,,
2022/6/2,29791.96,,
2022/6/3,30437.77,,
2022/6/4,29688.17,,
2022/6/5,29834.06,,
2022/6/6,29905.46,,
2022/6/7,31351.1,,
2022/6/8,31108.3,,
2022/6/9,30190.31,,
2022/6/10,30068.53,,
2022/6/11,29065.66,,
2022/6/12,28397.38,,
2022/6/13,26538.63,,
2022/6/14,22407.53,,
2022/6/15,22077.83,,
2022/6/16,22563.82,,
2022/6/17,20387.66,,
2022/6/18,20428.19,,
2022/6/19,18952.14,,
2022/6/20,20557.2,,
2022/6/21,20555.44,,
2022/6/22,20710.01,,
2022/6/23,19977.24,,
2022/6/24,21102.75,,
2022/6/25,21229.66,,
2022/6/26,21486.67,,
2022/6/27,21029.19,,
2022/6/28,20722.27,,
2022/6/29,20253.88,,
2022/6/30,20098.0,,
2022/7/1,19960.61,,
2022/7/2,19263.41,,
2022/7/3,19232.76,,
2022/7/4,19296.88,,
2022/7/5,20209.02,,
2022/7/6,20164.65,,
2022/7/7,20546.29,,
2022/7/8,21620.85,,
2022/7/9,21592.69,,
2022/7/10,21581.98,,
2022/7/11,20851.14,,
2022/7/12,19948.55,,
2022/7/13,19337.91,,
2022/7/14,20225.24,,
2022/7/15,20569.17,,
2022/7/16,20823.7,,
2022/7/17,21198.34,,
2022/7/18,20786.76,,
2022/7/19,22439.63,,
2022/7/20,23392.04,,
2022/7/21,23217.0,,
2022/7/22,23166.09,,
2022/7/23,22696.19,,
2022/7/24,22468.7,,
2022/7/25,22589.47,,
2022/7/26,21314.26,,
2022/7/27,21266.14,,
2022/7/28,22972.22,,
2022/7/29,23856.91,,
2022/7/30,23777.85,,
2022/7/31,23652.53,,
2022/8/1,23287.38,,
2022/8/2,23291.67,,
2022/8/3,22997.07,,
2022/8/4,22830.37,,
2022/8/5,22630.14,,
2022/8/6,23326.5,,
2022/8/7,22946.0,,
2022/8/8,23177.72,,
2022/8/9,23811.29,,
2022/8/10,23151.68,,
2022/8/11,23961.0,,
2022/8/12,23957.0,,
2022/8/13,24421.0,,
2022/8/14,24459.0,,
2022/8/15,24324.0,,
2022/8/16,24103.0,,
2022/8/17,23866.0,,
2022/8/18,23348.0,,
2022/8/19,23192.0,,
2022/8/20,20840.0,,
2022/8/21,21150.0,,
2022/8/22,21517.0,,
2022/8/23,21404.0,,
2022/8/24,21523.0,,
2022/8/25,21364.0,,
2022/8/26,21550.0,,
2022/8/27,20242.0,,
2022/8/28,20044.0,,
2022/8/29,19571.0,,
2022/8/30,20300.0,,
2022/8/31,19836.0,,
2022/9/1,20049.0,,
2022/9/2,20133.0,,
2022/9/3,19950.0,,
2022/9/4,19840.0,,
2022/9/5,20014.0,,
2022/9/6,19799.0,,
2022/9/7,18808.0,,
2022/9/8,19301.0,,
2022/9/9,19327.0,,
2022/9/10,21371.0,,
2022/9/11,21663.0,,
2022/9/12,21836.0,,
2022/9/13,22396.0,,
2022/9/14,20175.0,,
2022/9/15,20226.0,,
2022/9/16,19704.0,,
2022/9/17,19802.0,,
2022/9/18,20116.0,,
2022/9/19,19418.0,,
2022/9/20,19535.0,,
2022/9/21,18877.0,,
2022/9/22,18458.0,,
2022/9/23,19411.0,,
2022/9/24,19291.0,,
2022/9/25,18919.0,,
2022/9/26,18809.0,,
2022/9/27,19233.0,,
2022/9/28,19085.0,,
2022/9/29,19413.0,,
2022/9/30,19593.0,,
2022/10/1,19419.0,,
2022/10/2,19306.0,,
2022/10/3,19060.0,,
2022/10/4,19633.0,,
2022/10/5,20343.0,,
2022/10/6,20161.0,,
2022/10/7,19960.0,,
2022/10/8,19533.0,,
2022/10/9,19421.0,,
2022/10/10,19436.0,,
2022/10/11,19131.0,,
2022/10/12,19061.0,,
2022/10/13,19156.0,,
2022/10/14,19374.0,,
2022/10/15,19184.0,,
2022/10/16,19072.0,,
2022/10/17,19262.0,,
2022/10/18,19547.0,,
2022/10/19,19329.0,,
2022/10/20,19128.0,,
2022/10/21,19043.0,,
2022/10/22,19166.0,,
2022/10/23,19208.0,,
2022/10/24,19576.0,,
2022/10/25,19332.0,,
2022/10/26,20096.0,,
2022/10/27,20771.0,,
2022/10/28,20295.0,,
2022/10/29,20596.0,,
2022/10/30,20820.0,,
2022/10/31,20631.0,,
2022/11/1,20493.0,,
2022/11/2,20480.0,,
2022/11/3,20152.0,,
2022/11/4,20209.0,,
2022/11/5,21152.0,,
2022/11/6,21299.0,,
2022/11/7,20899.0,,
2022/11/8,20591.0,,
2022/11/9,18546.0,,
2022/11/10,15900.0,,
2022/11/11,17548.0,,
2022/11/12,17020.0,,
2022/11/13,16788.0,,
2022/11/14,16300.0,,
2022/11/15,16586.0,,
2022/11/16,16875.0,,
2022/11/17,16655.0,,
2022/11/18,16687.0,,
2022/11/19,16683.0,,
2022/11/20,16687.0,,
2022/11/21,16250.0,,
2022/11/22,15757.0,,
2022/11/23,16199.0,,
2022/11/24,16594.0,,
2022/11/25,16589.0,,
2022/11/26,16511.0,,
2022/11/27,16451.0,,
2022/11/28,16420.0,,
2022/11/29,16205.0,,
2022/11/30,16437.0,,
2022/12/1,17166.0,,
2022/12/2,16976.0,,
2022/12/3,17095.0,,
2022/12/4,16893.0,,
2022/12/5,17113.0,,
2022/12/6,16968.0,,
2022/12/7,17091.0,,
2022/12/8,16838.0,,
2022/12/9,17229.0,,
2022/12/10,17129.0,,
2022/12/11,17128.0,,
2022/12/12,17089.0,,
2022/12/13,17214.0,,
2022/12/14,17771.0,,
2022/12/15,17806.0,,
2022/12/16,17361.0,,
2022/12/17,16635.0,,
2022/12/18,16780.0,,
2022/12/19,16744.0,,
2022/12/20,16441.0,,
2022/12/21,16899.0,,
2022/12/22,16823.0,,
2022/12/23,16821.0,,
2022/12/24,16779.0,,
2022/12/25,16839.0,,
2022/12/26,16828.0,,
2022/12/27,16920.0,,
2022/12/28,16699.0,,
2022/12/29,16540.0,,
2022/12/30,16628.0,,
2022/12/31,16602.0,,
2023/1/1,16530.0,,
2023/1/2,16615.0,,
2023/1/3,16668.0,,
2023/1/4,16673.0,,
2023/1/5,16847.0,,
2023/1/6,16826.0,,
2023/1/7,16951.0,,
2023/1/8,16946.0,,
2023/1/9,17124.0,,
2023/1/10,17177.0,,
2023/1/11,17448.0,,
2023/1/12,17948.0,,
2023/1/13,18852.0,,
2023/1/14,19936.0,,
2023/1/15,20961.0,,
2023/1/16,20879.0,,
2023/1/17,21186.0,,
2023/1/18,21136.0,,
2023/1/19,20678.0,,
2023/1/20,21085.0,,
2023/1/21,22670.0,,
2023/1/22,22791.0,,
2023/1/23,22708.0,,
2023/1/24,22922.0,,
2023/1/25,22636.0,,
2023/1/26,23063.0,,
2023/1/27,23011.0,,
2023/1/28,23082.0,,
2023/1/29,23031.0,,
2023/1/30,23748.0,,
2023/1/31,22831.0,,
2023/2/1,23134.0,,
2023/2/2,23736.0,,
2023/2/3,23503.0,,
2023/2/4,23421.0,,
2023/2/5,23328.0,,
2023/2/6,22942.0,,
2023/2/7,22761.0,,
2023/2/8,23246.0,,
2023/2/9,22965.0,,
2023/2/10,21803.0,,
2023/2/11,21631.0,,
2023/2/12,21868.0,,
2023/2/13,21790.0,,
2023/2/14,21790.0,,
2023/2/15,22208.0,,
2023/2/16,24332.0,,
2023/2/17,23518.0,,
2023/2/18,24577.0,,
2023/2/19,24638.0,,
2023/2/20,24271.0,,
2023/2/21,24843.0,,
2023/2/22,24450.0,,
2023/2/23,24188.0,,
2023/2/24,23939.0,,
2023/2/25,23186.0,,
2023/2/26,23166.0,,
2023/2/27,23560.0,,
2023/2/28,23497.0,,
2023/3/1,23146.0,,
2023/3/2,23632.0,,
2023/3/3,23469.0,,
2023/3/4,22359.0,,
2023/3/5,22347.0,,
2023/3/6,22427.0,,
2023/3/7,22414.0,,
2023/3/8,22197.0,,
2023/3/9,21697.0,,
2023/3/10,20368.0,,
2023/3/11,20226.0,,
2023/3/12,20615.0,,
2023/3/13,22190.0,,
2023/3/14,24210.0,,
2023/3/15,24745.0,,
2023/3/16,24361.0,,
2023/3/17,25051.0,,
2023/3/18,27466.0,,
2023/3/19,26992.0,,
2023/3/20,28081.0,,
2023/3/21,27808.0,,
2023/3/22,28184.0,,
2023/3/23,27320.0,,
2023/3/24,28352.0,,
2023/3/25,27497.0,,
2023/3/26,27493.0,,
2023/3/27,27992.0,,
2023/3/28,27142.0,,
2023/3/29,27272.0,,
2023/3/30,28353.0,,
2023/3/31,28036.0,,
2023/4/1,28476.0,,
2023/4/2,28469.0,,
2023/4/3,28179.0,,
2023/4/4,27820.0,,
2023/4/5,28179.0,,
2023/4/6,28181.0,,
2023/4/7,28054.0,,
2023/4/8,27931.0,,
2023/4/9,27968.0,,
2023/4/10,28353.0,,
2023/4/11,29657.0,,
2023/4/12,30255.0,,
2023/4/13,29914.0,,
2023/4/14,30411.0,,
2023/4/15,30498.0,,
2023/4/16,30327.0,,
2023/4/17,30328.0,,
2023/4/18,29452.0,,
2023/4/19,30388.0,,
2023/4/20,28814.0,,
2023/4/21,28240.0,,
2023/4/22,27253.0,,
2023/4/23,27820.0,,
2023/4/24,27594.0,,
2023/4/25,27515.0,,
2023/4/26,28306.0,,
2023/4/27,28427.0,,
2023/4/28,29486.0,,
2023/4/29,29339.0,,
2023/4/30,29252.0,,
2023/5/1,29254.0,,
2023/5/2,28079.0,,
2023/5/3,28682.0,,
2023/5/4,29043.0,,
2023/5/5,28860.0,,
2023/5/6,29537.0,,
2023/5/7,28909.0,,
2023/5/8,28485.0,,
2023/5/9,27688.0,,
2023/5/10,27648.0,,
2023/5/11,27624.0,,
2023/5/12,26987.0,,
2023/5/13,26816.0,,
2023/5/14,26805.0,,
2023/5/15,26933.0,,
2023/5/16,27166.0,,
2023/5/17,27037.0,,
2023/5/18,27413.0,,
2023/5/19,26824.0,,
2023/5/20,26889.0,,
2023/5/21,27123.0,,
2023/5/22,26753.0,,
2023/5/23,26854.0,,
2023/5/24,27225.0,,
2023/5/25,26325.0,,
2023/5/26,26486.0,,
2023/5/27,26716.0,,
2023/5/28,26875.0,,
2023/5/29,28071.0,,
2023/5/30,27748.0,,
2023/5/31,27701.0,,
2023/6/1,27210.36,,
2023/6/2,26817.93,,
2023/6/3,27242.59,,
2023/6/4,27069.22,,
2023/6/5,27115.2,,
2023/6/6,25728.2,,
2023/6/7,27230.07,,
2023/6/8,26339.34,,
2023/6/9,26498.62,,
2023/6/10,26477.8,,
2023/6/11,25841.22,,
2023/6/12,25925.54,,
2023/6/13,25905.2,,
2023/6/14,25934.24,,
2023/6/15,25128.6,,
2023/6/16,25598.49,,
2023/6/17,26345.01,,
2023/6/18,26516.99,,
2023/6/19,26339.98,,
2023/6/20,26844.35,,
2023/6/21,28308.0,,
2023/6/22,29993.89,,
2023/6/23,29884.92,,
2023/6/24,30688.51,,
2023/6/25,30527.44,,
2023/6/26,30462.67,,
2023/6/27,30267.99,,
2023/6/28,30692.44,,
2023/6/29,30077.4,,
2023/6/30,30447.31,,
2023/7/1,30471.99,,
2023/7/2,30585.9,,
2023/7/3,30617.02,,
2023/7/4,31156.2,,
2023/7/5,30766.52,,
2023/7/6,30504.8,,
2023/7/7,29895.42,,
2023/7/8,30344.7,,
2023/7/9,30284.63,,
2023/7/10,30160.71,,
2023/7/11,30411.57,,
2023/7/12,30622.1,,
2023/7/13,30380.0,,
2023/7/14,31454.23,,
2023/7/15,30312.0,,
2023/7/16,30289.52,,
2023/7/17,30232.0,,
2023/7/18,30138.01,,
2023/7/19,29859.14,,
2023/7/20,29909.21,,
2023/7/21,29800.0,,
2023/7/22,29901.72,,
2023/7/23,29793.99,,
2023/7/24,30083.75,,
2023/7/25,29176.5,,
2023/7/26,29228.91,,
2023/7/27,29351.95,,
2023/7/28,29222.78,,
2023/7/29,29314.14,,
2023/7/30,29352.9,,
2023/7/31,29281.09,,
2023/8/1,29232.26,,
2023/8/2,29705.99,,
2023/8/3,29186.0,,
2023/8/4,29193.65,,
2023/8/5,29114.0,,
2023/8/6,29072.13,,
2023/8/7,29088.43,,
2023/8/8,29211.06,,
2023/8/9,29770.41,,
2023/8/10,29581.99,,
2023/8/11,29455.76,,
2023/8/12,29426.02,,
2023/8/13,29430.18,,
2023/8/14,29303.85,,
2023/8/15,29430.92,,
2023/8/16,29200.01,,
2023/8/17,28730.51,,
2023/8/18,26623.41,,
2023/8/19,26054.0,,
2023/8/20,26100.01,,
2023/8/21,26190.0,,
2023/8/22,26126.92,,
2023/8/23,26055.99,,
2023/8/24,26432.71,,
2023/8/25,26180.05,,
2023/8/26,26060.0,,
2023/8/27,26017.38,,
2023/8/28,26101.78,,
2023/8/29,26120.0,,
2023/8/30,27716.34,,
2023/8/31,27299.99,,
2023/9/1,25940.77,,
2023/9/2,25805.04,,
2023/9/3,25869.52,,
2023/9/4,25971.21,,
2023/9/5,25826.03,,
2023/9/6,25792.11,,
2023/9/7,25759.95,,
2023/9/8,26255.0,,
2023/9/9,25910.5,,
2023/9/10,25901.6,,
2023/9/11,25841.6,,
2023/9/12,25162.53,,
2023/9/13,25840.1,,
2023/9/14,26222.0,,
2023/9/15,26522.73,,
2023/9/16,26599.99,,
2023/9/17,26559.67,,
2023/9/18,26527.5,,
2023/9/19,26762.5,,
2023/9/20,27210.25,,
2023/9/21,27125.01,,
2023/9/22,26568.08,,
2023/9/23,26580.14,,
2023/9/24,26575.97,,
2023/9/25,26248.39,,
2023/9/26,26304.8,,
2023/9/27,26221.68,,
2023/9/28,26373.0,,
2023/9/29,27021.39,,
2023/9/30,26906.96,,
2023/10/1,26962.57,,
2023/10/2,27992.58,,
2023/10/3,27494.51,,
2023/10/4,27426.45,,
2023/10/5,27778.57,,
2023/10/6,27410.39,,
2023/10/7,27931.1,,
2023/10/8,27956.67,,
2023/10/9,27917.06,,
2023/10/10,27590.12,,
2023/10/11,27390.12,,
2023/10/12,26875.52,,
2023/10/13,26759.63,,
2023/10/14,26862.0,,
2023/10/15,26852.48,,
2023/10/16,27154.14,,
2023/10/17,28500.77,,
2023/10/18,28395.91,,
2023/10/19,28320.0,,
2023/10/20,28713.71,,
2023/10/21,29669.05,,
2023/10/22,29909.8,,
2023/10/23,29992.46,,
2023/10/24,33069.99,,
2023/10/25,33922.73,,
2023/10/26,34496.05,,
2023/10/27,34151.66,,
2023/10/28,33892.01,,
2023/10/29,34081.01,,
2023/10/30,34525.88,,
2023/10/31,34474.74,,
2023/11/1,34639.78,,
2023/11/2,35421.43,,
2023/11/3,34941.58,,
2023/11/4,34716.78,,
2023/11/5,35062.06,,
2023/11/6,35011.89,,
2023/11/7,35046.09,,
2023/11/8,35399.13,,
2023/11/9,35624.72,,
2023/11/10,36701.1,,
2023/11/11,37301.63,,
2023/11/12,37129.99,,
2023/11/13,37064.13,,
2023/11/14,36462.93,,
2023/11/15,35551.2,,
2023/11/16,37858.2,,
2023/11/17,36163.51,,
2023/11/18,36613.91,,
2023/11/19,36568.11,,
2023/11/20,37359.85,,
2023/11/21,37448.79,,
2023/11/22,35741.65,,
2023/11/23,37408.35,,
2023/11/24,37294.27,,
2023/11/25,37713.57,,
2023/11/26,37780.67,,
2023/11/27,37447.42,,
2023/11/28,37242.7,,
2023/11/29,37818.88,,
2023/11/30,37854.65,,
2023/12/1,37723.97,,
2023/12/2,38682.51,,
2023/12/3,39450.35,,
2023/12/4,39972.26,,
2023/12/5,41991.1,,
2023/12/6,44073.82,,
2023/12/7,43762.69,,
2023/12/8,43273.15,,
2023/12/9,44171.0,,
2023/12/10,43713.59,,
2023/12/11,43789.5,,
2023/12/12,41253.41,,
2023/12/13,41492.38,,
2023/12/14,42869.03,,
2023/12/15,43022.26,,
2023/12/16,41940.29,,
2023/12/17,42278.02,,
2023/12/18,41374.64,,
2023/12/19,42657.8,,
2023/12/20,42275.99,,
2023/12/21,43668.92,,
2023/12/22,43861.79,,
2023/12/23,43969.04,,
2023/12/24,43702.15,,
2023/12/25,42991.5,,
2023/12/26,43576.12,,
2023/12/27,42508.93,,
2023/12/28,43428.86,,
2023/12/29,42563.76,,
2023/12/30,42066.94,,
2023/12/31,42140.29,,
2024/1/1,42283.58,,
2024/1/2,44179.55,,
2024/1/3,44946.91,,
2024/1/4,42845.23,,
2024/1/5,44151.1,,
2024/1/6,44145.12,,
2024/1/7,43968.32,,
2024/1/8,43929.01,,
2024/1/9,46951.04,,
2024/1/10,46110.0,,
2024/1/11,46654.0,,
2024/1/12,46339.16,,
2024/1/13,42782.74,,
2024/1/14,42847.99,,
2024/1/15,41732.35,,
2024/1/16,42511.1,,
2024/1/17,43137.94,,
2024/1/18,42776.09,,
2024/1/19,41327.51,,
2024/1/20,41659.03,,
2024/1/21,41696.05,,
2024/1/22,41580.32,,
2024/1/23,39568.02,,
2024/1/24,39897.59,,
2024/1/25,40084.89,,
2024/1/26,39961.09,,
2024/1/27,41823.51,,
2024/1/28,42120.63,,
2024/1/29,42031.05,,
2024/1/30,43302.71,,
2024/1/31,42941.1,,
2024/2/1,42580.0,,
2024/2/2,43082.95,,
2024/2/3,43199.99,,
2024/2/4,43011.1,,
2024/2/5,42582.88,,
2024/2/6,42708.7,,
2024/2/7,43098.96,,
2024/2/8,44349.6,,
2024/2/9,45288.66,,
2024/2/10,47132.78,,
2024/2/11,47751.08,,
2024/2/12,48300.0,,
2024/2/13,49917.28,,
2024/2/14,49699.6,,
2024/2/15,51795.17,,
2024/2/16,51880.01,,
2024/2/17,52124.1,,
2024/2/18,51642.64,,
2024/2/19,52137.68,,
2024/2/20,51774.74,,
2024/2/21,52258.82,,
2024/2/22,51849.38,,
2024/2/23,51288.42,,
2024/2/24,50744.15,,
2024/2/25,51568.21,,
2024/2/26,51728.85,,
2024/2/27,54476.48,,
2024/2/28,57037.35,,
2024/2/29,62432.11,,
2024/3/1,61130.99,,
2024/3/2,62387.9,,
2024/3/3,61987.28,,
2024/3/4,63113.97,,
2024/3/5,68245.71,,
2024/3/6,63724.01,,
2024/3/7,66074.04,,
2024/3/8,66823.18,,
2024/3/9,68124.2,,
2024/3/10,68313.28,,
2024/3/11,68955.88,,
2024/3/12,72078.1,,
2024/3/13,71452.0,,
2024/3/14,73072.4,,
2024/3/15,71388.94,,
2024/3/16,69499.84,,
2024/3/17,65300.64,,
2024/3/18,68393.47,,
2024/3/19,67610.0,,
2024/3/20,61937.41,,
2024/3/21,67840.51,,
2024/3/22,65501.28,,
2024/3/23,63796.64,,
2024/3/24,63990.02,,
2024/3/25,67210.0,,
2024/3/26,69880.0,,
2024/3/27,69987.99,,
2024/3/28,69469.99,,
2024/3/29,70780.6,,
2024/3/30,69850.53,,
2024/3/31,69582.17,,
2024/4/1,71280.0,,
2024/4/2,69649.81,,
2024/4/3,65463.99,,
2024/4/4,65963.27,,
2024/4/5,68487.8,,
2024/4/6,67820.63,,
2024/4/7,68896.0,,
2024/4/8,69360.38,,
2024/4/9,71620.0,,
2024/4/10,69146.0,,
2024/4/11,70631.08,,
2024/4/12,70006.22,,
2024/4/13,67116.52,,
2024/4/14,63924.52,,
2024/4/15,65661.85,,
2024/4/16,63419.99,,
2024/4/17,63793.4,,
2024/4/18,61277.38,,
2024/4/19,63470.09,,
2024/4/20,63818.01,,
2024/4/21,64940.58,,
2024/4/22,64941.15,,
2024/4/23,66819.32,,
2024/4/24,66414.0,,
2024/4/25,64289.58,,
2024/4/26,64498.33,,
2024/4/27,63770.0,,
2024/4/28,63461.98,,
2024/4/29,63118.62,,
2024/4/30,63866.0,,
2024/5/1,60672.01,,
2024/5/2,58364.97,,
2024/5/3,59060.6,,
2024/5/4,62882.01,,
2024/5/5,63892.03,,
2024/5/6,64012.0,,
2024/5/7,63165.18,,
2024/5/8,62312.07,,
2024/5/9,61193.03,,
2024/5/10,63074.0,,
2024/5/11,60799.99,,
2024/5/12,60825.99,,
2024/5/13,61484.0,,
2024/5/14,62940.09,,
2024/5/15,61577.49,,
2024/5/16,66206.51,,
2024/5/17,65235.21,,
2024/5/18,67024.0,,
2024/5/19,66915.2,,
2024/5/20,66274.0,,
2024/5/21,71446.62,,
2024/5/22,70148.34,,
2024/5/23,69166.62,,
2024/5/24,67969.66,,
2024/5/25,68549.99,,
2024/5/26,69290.56,,
2024/5/27,68569.0,,
2024/05/28,68652.3,51956.363784182766,77672.0239778023
2024/05/29,67854.4,52275.737313568985,77752.71385154853
2024/05/30,67479.3,52431.42478583247,77833.47318432531
2024/05/31,68450.8,52593.38931008858,77914.30202356378
